Trip_ID,Driver_ID,Vehicle_ID,Trip_Date,trip_duration_min,trip_distance_km,avg_speed_kmph,max_speed_kmph,min_speed_kmph,speed_std_kmph,speed_range_kmph,harsh_accel_events,harsh_brake_events,harsh_event_rate_per_10min,speed_delta_mean_kmph,stop_count,stop_duration_min,moving_time_min,telemetry_flagged_minute_pct,any_trip_quality_flag,flag_overlap_driver,flag_overlap_vehicle,flag_non_primary_vehicle,flag_distance_vs_gps,flag_distance_vs_speed_integral,flag_has_gps_teleport,flag_has_speed_jump,optional_high_speed_time_pct,optional_accel_mag_mean_g,optional_accel_mag_std_g,optional_gyro_mag_mean_dps
T00001,D01,V01,2026-08-04,16,9.34,28.7,39.4,20.0,5.987232944635888,19.4,0,0,0.0,7.293333333333333,0,0,16,0.0,0,0,0,0,0,0,0,0,12.5,1.015942849371013,0.07193238908424672,2.626879318044309
T00002,D01,V01,2026-08-02,22,5.0,28.5,54.4,2.5,13.550355021626599,51.9,1,2,1.3636363636363635,14.133333333333335,0,0,22,0.0,1,0,0,0,0,1,0,0,22.727272727272727,0.9981214659653616,0.04317178418357944,4.626561836212162
T00003,D01,V01,2026-07-31,27,7.25,16.9,32.7,0.0,8.779127344051737,32.7,0,0,0.0,11.088461538461539,2,2,25,0.0,0,0,0,0,0,0,0,0,0.0,1.0168001188706366,0.08421880685859248,4.699843083707394
T00004,D01,V01,2026-07-31,42,9.27,23.9,40.4,7.6,6.219379345441851,32.8,0,0,0.0,6.560975609756097,0,0,42,0.0,1,0,0,0,0,1,0,0,2.380952380952381,1.004190567676735,0.05943017200806016,7.708967822806433
T00005,D01,V01,2026-08-01,13,7.74,28.7,42.5,5.2,10.79007735054616,37.3,0,1,0.7692307692307692,12.674999999999999,0,0,13,0.0,0,0,0,0,0,0,0,0,15.384615384615385,1.0404150700687913,0.0914955671325,6.098401847544783
T00006,D01,V01,2026-08-05,19,11.26,21.7,33.4,4.7,7.635723214329337,28.7,1,0,0.5263157894736842,11.827777777777778,0,0,19,0.0,1,1,1,0,0,1,0,0,0.0,1.0376359515598574,0.07437592523380064,5.227250844770779
T00007,D01,V01,2026-08-03,15,6.2,20.0,38.2,2.4,7.940822795319555,35.800000000000004,0,0,0.0,5.700000000000001,0,0,15,0.0,0,0,0,0,0,0,0,0,6.666666666666667,1.0517059681150167,0.05367784157680774,3.610976096774266
T00008,D01,V01,2026-08-04,41,14.97,25.3,41.7,2.0,9.302909327259915,39.7,1,1,0.48780487804878053,10.58,0,0,41,0.0,0,0,0,0,0,0,0,0,7.317073170731707,1.0323590206089621,0.09338428069802206,6.52930803927015
T00009,D01,V01,2026-08-06,31,17.09,23.8,42.3,3.1,10.296817547810742,39.199999999999996,0,0,0.0,10.403333333333334,0,0,31,0.0,1,0,0,0,0,1,0,0,9.67741935483871,1.086552703846149,0.18094869205599987,5.110172455488585
T00010,D01,V01,2026-08-05,33,16.27,30.6,47.5,0.0,10.016484519092122,47.5,2,3,1.5151515151515151,11.390625,1,1,32,0.0,1,1,1,0,0,0,0,0,24.242424242424242,1.0130179965443091,0.0868266549569978,4.52194448494512
T00011,D01,V01,2026-08-03,41,23.39,22.8,33.9,9.5,6.552526974846998,24.4,0,0,0.0,6.907500000000001,0,0,41,0.0,1,0,0,0,0,1,0,0,0.0,1.024592244195966,0.0786053526282438,4.339219835634773
T00012,D01,V01,2026-08-05,29,11.69,32.1,45.8,2.8,11.313742243254353,43.0,3,3,2.0689655172413794,14.424999999999999,0,0,29,0.0,1,0,0,0,0,1,0,0,34.48275862068966,1.011746764435433,0.12442210055442922,3.3775687869988356
T00013,D01,V01,2026-08-01,37,14.92,28.1,47.0,0.0,10.697651365825338,47.0,1,2,0.8108108108108107,10.075,1,1,36,0.0,0,0,0,0,0,0,0,0,24.324324324324326,1.0078956213582564,0.0670446386400711,6.810928980477781
T00014,D01,V01,2026-08-05,24,16.29,29.5,45.0,2.8,9.751963756159538,42.2,1,1,0.8333333333333334,10.908695652173913,0,0,24,0.0,1,0,0,0,0,1,0,0,8.333333333333332,1.0262390480409938,0.05699541958024761,7.264724001023139
T00015,D01,V01,2026-08-01,37,14.69,19.9,47.2,0.8,10.839649579345405,46.400000000000006,1,1,0.5405405405405405,11.38888888888889,0,0,37,0.0,0,0,0,0,0,0,0,0,2.7027027027027026,1.0283074821275564,0.055822317674014243,5.918455264219544
T00016,D02,V02,2026-08-02,14,6.21,23.1,44.7,1.0,15.7480384266014,43.7,1,3,2.857142857142857,20.49230769230769,0,0,14,0.0,1,1,1,0,0,0,0,0,21.428571428571427,1.1325710053677713,0.23287514799587258,7.315028202127649
T00017,D02,V02,2026-08-06,25,9.63,22.8,38.0,2.3,10.597762342431851,35.7,2,2,1.6,12.700000000000001,0,0,25,0.0,0,0,0,0,0,0,0,0,8.0,1.0537789164149598,0.09390817389495192,5.427644492458572
T00018,D02,V02,2026-08-06,25,19.0,22.2,33.7,5.5,8.210040600792826,28.200000000000003,0,0,0.0,8.1125,0,0,25,0.0,1,0,0,0,0,1,0,0,0.0,1.0537890966530141,0.1795065567953587,4.504002458902011
T00019,D02,V02,2026-08-01,20,6.61,16.9,31.5,0.0,9.79340675094595,31.5,1,1,1.0,11.678947368421053,1,1,19,0.0,1,1,1,0,0,0,0,0,0.0,1.0271155938567655,0.11467646413997183,3.5315977282428848
T00020,D02,V02,2026-08-05,43,9.39,21.7,44.1,1.8,10.132320030061408,42.300000000000004,2,2,0.9302325581395349,12.138095238095238,0,0,43,0.0,1,0,0,0,0,1,0,0,2.3255813953488373,1.0958517548196867,0.2099410945003592,4.215979969951618
T00021,D02,V02,2026-08-01,45,23.92,18.8,36.3,0.1,9.434196876632939,36.199999999999996,3,2,1.1111111111111112,11.372727272727273,0,0,45,0.0,1,1,1,0,0,1,0,0,0.0,1.0184967938342078,0.14006359292095252,6.690252666638946
T00022,D02,V02,2026-08-02,41,11.6,22.3,36.9,0.0,9.411593784316002,36.9,0,1,0.24390243902439027,9.3325,1,1,40,0.0,1,1,1,0,0,1,0,0,0.0,1.0174957828314606,0.1258508649878817,5.1282002742214425
T00023,D02,V02,2026-08-03,21,15.2,26.8,50.7,0.0,13.635400355587027,50.7,1,2,1.4285714285714286,16.435,1,1,20,4.761904761904762,1,0,0,0,0,1,0,1,23.809523809523807,1.008604912692706,0.06805649562492885,3.0111624625849176
T00024,D02,V02,2026-08-04,35,16.23,27.5,50.5,0.0,11.819830936242045,50.5,3,2,1.4285714285714286,14.555882352941177,3,3,32,2.857142857142857,1,0,0,0,0,0,0,1,17.142857142857142,1.0296087187230771,0.16421883010983074,3.9864427660980093
T00025,D02,V02,2026-08-05,17,7.73,19.6,31.9,4.2,8.066734524102857,27.7,0,1,0.5882352941176471,10.70625,0,0,17,0.0,0,0,0,0,0,0,0,0,0.0,1.0055761150263134,0.10660543698199819,5.758669508094334
T00026,D02,V02,2026-08-02,13,11.49,28.1,41.9,18.2,6.650120492449934,23.7,0,0,0.0,6.708333333333333,0,0,13,0.0,1,0,0,0,0,1,0,0,7.6923076923076925,1.0115938457816893,0.08042884292754066,3.5691402015910865
T00027,D02,V02,2026-08-02,19,11.53,21.3,34.3,4.5,9.921472372339084,29.799999999999997,0,1,0.5263157894736842,12.666666666666666,0,0,19,0.0,1,0,0,0,0,1,0,0,0.0,1.1092730839444902,0.2553544681733084,4.9080862681505595
T00028,D02,V02,2026-08-06,18,9.1,29.3,50.9,3.2,11.321962288638815,47.699999999999996,2,2,2.2222222222222223,15.558823529411764,0,0,18,0.0,0,0,0,0,0,0,0,0,22.22222222222222,1.0571693960678041,0.11665273358976976,8.654799741477525
T00029,D02,V02,2026-08-06,44,14.25,17.7,36.3,0.2,8.453380111325524,36.099999999999994,0,1,0.22727272727272727,10.937209302325583,0,0,44,0.0,0,0,0,0,0,0,0,0,0.0,1.042665576984164,0.13603007201558912,4.457807374574528
T00030,D02,V02,2026-08-04,22,10.41,22.1,35.1,7.6,6.725388030132103,27.5,0,0,0.0,8.104761904761906,0,0,22,0.0,0,0,0,0,0,0,0,0,0.0,1.0858367780710345,0.1977244126535394,5.309924425901074
T00031,D03,V03,2026-08-02,18,9.23,14.3,32.4,0.0,9.860510798260625,32.4,1,0,0.5555555555555556,12.36470588235294,2,2,16,0.0,1,0,0,0,1,1,0,0,0.0,1.0294614862985538,0.05810733886195258,5.947503577104677
T00032,D03,V03,2026-07-31,38,16.21,13.3,35.6,0.0,10.59572668095878,35.6,4,2,1.5789473684210527,14.451351351351352,6,6,32,0.0,1,0,0,0,0,1,0,0,0.0,1.025803803475414,0.0706447445424329,6.311434666758875
T00033,D03,V03,2026-08-03,14,8.27,23.6,46.6,2.5,14.027807940102246,44.1,1,0,0.7142857142857143,13.707692307692307,0,0,14,0.0,0,0,0,0,0,0,0,0,21.428571428571427,1.0702815806908883,0.1056047538532927,8.613389156803335
T00034,D03,V03,2026-08-06,22,6.26,29.8,58.8,5.4,13.385658151762435,53.4,1,2,1.3636363636363635,15.680952380952382,0,0,22,0.0,1,0,0,0,0,1,0,0,22.727272727272727,1.0303543814511251,0.052213695402059376,6.697086479564875
T00035,D03,V03,2026-08-03,32,13.38,30.5,54.7,1.4,12.012009699302155,53.300000000000004,2,0,0.625,13.154838709677419,0,0,32,0.0,0,0,0,0,0,0,0,0,25.0,1.0368902674298204,0.07356878411875946,4.049594603687612
T00036,D03,V03,2026-08-06,31,19.96,19.9,51.2,0.0,13.675120647774294,51.2,1,4,1.6129032258064515,15.543333333333333,2,2,29,0.0,1,0,0,0,0,1,0,0,12.903225806451612,1.0372005605673627,0.06145999021618479,5.522011285624402
T00037,D03,V03,2026-08-05,43,18.13,25.4,68.8,0.0,14.580867407399312,68.8,4,3,1.627906976744186,16.43095238095238,1,1,42,2.3255813953488373,1,0,0,0,0,0,0,1,13.953488372093023,1.02813271459478,0.06258312771610033,4.572468178445142
T00038,D03,V03,2026-07-31,44,19.77,22.0,52.3,0.1,14.823349353183023,52.199999999999996,5,6,2.5,17.52093023255814,0,0,44,0.0,1,0,0,0,0,1,0,0,13.636363636363635,1.018233578713429,0.04950867528853536,3.9936064013041106
T00039,D03,V03,2026-07-31,25,11.92,22.4,52.3,0.0,13.026354056296796,52.3,2,3,2.0,14.854166666666666,2,2,23,0.0,0,0,0,0,0,0,0,0,12.0,1.0168616542713893,0.06217797098227312,7.882012575168183
T00040,D03,V03,2026-08-06,31,13.65,21.8,49.9,0.0,15.326729059258339,49.9,4,4,2.5806451612903225,16.616666666666667,1,1,30,0.0,0,0,0,0,0,0,0,0,16.129032258064516,1.049047548860447,0.06768467259444999,6.9184362836924915
T00041,D03,V03,2026-08-03,35,12.38,27.4,60.1,0.0,12.949005996698006,60.1,1,4,1.4285714285714286,13.585294117647058,1,1,34,2.857142857142857,1,0,0,0,0,1,0,1,20.0,1.029679941368934,0.062140884047365126,3.126528721095188
T00042,D03,V03,2026-08-04,40,7.88,21.5,53.4,0.0,13.778293733446397,53.4,5,6,2.75,16.674358974358977,2,2,38,2.5,1,0,0,0,0,1,0,1,12.5,1.0202964074029617,0.05970196097462101,4.299358065304892
T00043,D03,V03,2026-08-01,39,20.88,16.4,47.1,0.0,12.161433255969715,47.1,5,1,1.5384615384615385,13.573684210526315,3,3,36,0.0,1,0,0,0,0,1,0,0,5.128205128205128,1.0241918340247302,0.05671591198924046,5.4475217070881286
T00044,D03,V03,2026-08-06,27,9.3,32.4,59.1,6.2,12.710151404210286,52.9,3,2,1.8518518518518516,13.48076923076923,0,0,27,0.0,1,0,0,0,0,1,0,0,33.33333333333333,1.042267187433185,0.0812642815858305,5.014368074494082
T00045,D03,V03,2026-08-05,43,13.14,22.1,55.4,0.0,14.833604586468034,55.4,5,7,2.7906976744186047,17.014285714285716,6,6,37,2.3255813953488373,1,0,0,0,0,0,0,1,6.976744186046512,1.0438763260403061,0.0864344349783982,7.657542839845995
T00046,D04,V04,2026-08-05,45,18.81,28.0,48.1,0.8,9.656883764465842,47.300000000000004,1,2,0.6666666666666666,10.340909090909092,0,0,45,0.0,0,0,0,0,0,0,0,0,11.11111111111111,1.0029170335464495,0.04946212325138612,4.017363785619891
T00047,D04,V04,2026-08-05,33,15.2,32.4,50.7,1.7,11.049588638990551,49.0,2,2,1.2121212121212122,14.009375,0,0,33,0.0,0,0,0,0,0,0,0,0,42.42424242424242,1.0105378184779732,0.03766773945081514,4.440458895133281
T00048,D04,V04,2026-08-05,32,16.54,23.9,42.9,0.0,8.62512272002456,42.9,1,1,0.625,9.438709677419356,1,1,31,0.0,1,0,0,0,0,1,0,0,3.125,1.0215277770065345,0.04521312460423233,4.9705233556052475
T00049,D04,V04,2026-08-02,32,10.78,29.8,51.6,0.9,11.106171998110462,50.7,0,1,0.3125,11.66451612903226,0,0,32,0.0,1,0,0,0,0,1,0,0,28.125,1.0206382820545572,0.07251093589403845,6.580323171741992
T00050,D04,V04,2026-07-31,38,10.83,22.3,37.6,3.5,6.940968322343655,34.1,0,0,0.0,6.683783783783784,0,0,38,0.0,1,0,0,0,0,1,0,0,2.631578947368421,1.0124790602409224,0.05176944674409371,2.8366518150555535
T00051,D04,V04,2026-08-01,38,12.83,15.3,29.1,0.0,7.916930469014433,29.1,1,0,0.2631578947368421,9.81081081081081,1,1,37,0.0,1,0,0,0,0,1,0,0,0.0,1.037980263800708,0.13024134919532282,5.350716418416077
T00052,D04,V04,2026-08-03,21,7.47,18.6,34.8,2.3,8.765451663042974,32.5,0,1,0.47619047619047616,11.65,0,0,21,0.0,0,0,0,0,0,0,0,0,0.0,1.0236393718231505,0.039682594121115786,7.458190320492856
T00053,D04,V04,2026-08-04,29,13.9,19.4,40.6,3.0,8.272084934438329,37.6,1,1,0.6896551724137931,8.757142857142858,0,0,29,0.0,1,0,0,0,0,1,0,0,3.4482758620689653,1.0185296237434016,0.051901266553707505,6.142162821693027
T00054,D04,V04,2026-08-01,40,17.54,29.7,50.6,2.8,10.83063053068969,47.800000000000004,1,1,0.5,10.974358974358974,0,0,40,0.0,0,0,0,0,0,0,0,0,22.5,1.0162918784693473,0.03802991747053664,5.834317287635635
T00055,D04,V04,2026-08-02,28,13.16,28.1,48.8,2.2,12.364460933655545,46.599999999999994,2,3,1.7857142857142858,13.340740740740742,0,0,28,0.0,0,0,0,0,0,0,0,0,21.428571428571427,1.0101394849222773,0.04158845460638174,5.634235016139344
T00056,D04,V04,2026-08-04,27,11.73,16.0,32.5,1.7,8.341105777056514,30.8,0,0,0.0,9.715384615384615,0,0,27,0.0,1,0,0,0,0,1,0,0,0.0,0.9888626070243822,0.035740033350592115,6.012290593690512
T00057,D04,V04,2026-07-31,29,16.38,28.4,40.0,2.2,9.317766016959109,37.8,1,1,0.6896551724137931,9.917857142857143,0,0,29,0.0,0,0,0,0,0,0,0,0,13.793103448275861,1.0216869844314183,0.056254037778762575,3.255770664566137
T00058,D04,V04,2026-08-02,20,9.66,25.4,43.6,4.1,10.102958138975671,39.5,0,0,0.0,10.563157894736841,0,0,20,0.0,0,0,0,0,0,0,0,0,5.0,1.0030481537494675,0.04336626459630268,6.687492414367776
T00059,D04,V04,2026-08-03,32,18.54,26.9,36.5,0.9,8.037602530324815,35.6,0,0,0.0,6.425806451612904,0,0,32,0.0,1,0,0,0,0,1,0,0,0.0,1.0037992253433818,0.04216965978614187,6.435968142872806
T00060,D04,V04,2026-07-31,31,9.64,20.2,45.7,0.9,10.93289698840796,44.800000000000004,2,2,1.2903225806451613,11.7,0,0,31,0.0,0,0,0,0,0,0,0,0,3.225806451612903,1.0036310954217436,0.034441425337850134,3.654498074734695
T00061,D05,V05,2026-08-05,42,19.04,33.1,47.8,0.9,6.724224240582006,46.9,1,1,0.47619047619047616,6.370731707317073,0,0,42,0.0,1,1,1,0,0,1,0,0,19.047619047619047,1.0063866080761932,0.029078444604615037,3.737050543565355
T00062,D05,V05,2026-08-04,41,33.4,23.4,34.1,9.2,4.516855964592855,24.900000000000002,0,0,0.0,5.3375,0,0,41,0.0,1,0,0,0,1,1,0,0,0.0,0.993322589990292,0.040441785573248845,3.9481713803753795
T00063,D05,V05,2026-08-01,45,28.5,18.7,30.0,1.1,5.94852243770831,28.9,1,0,0.2222222222222222,6.570454545454544,0,0,45,0.0,1,0,0,0,0,1,0,0,0.0,1.0052416675677316,0.03521638963545428,3.6995846679665854
T00064,D05,V05,2026-08-01,26,17.15,31.7,42.0,24.2,4.414788086211369,17.8,0,0,0.0,4.98,0,0,26,0.0,1,0,0,0,0,1,0,0,7.6923076923076925,1.0213684695929661,0.06707091242986853,4.6001672679801455
T00065,D05,V05,2026-08-04,44,15.93,26.5,37.5,0.0,9.290285396499636,37.5,4,2,1.3636363636363635,9.544186046511628,1,1,43,0.0,1,0,0,0,0,1,0,0,2.272727272727273,1.0017916837705445,0.03487038539606178,3.356335660190757
T00066,D05,V05,2026-08-06,22,14.07,22.1,30.8,3.1,7.34900676506019,27.7,0,0,0.0,8.857142857142858,0,0,22,0.0,1,0,0,0,0,1,0,0,0.0,1.0100177430058688,0.03453672572044925,2.951144843152112
T00067,D05,V05,2026-08-05,41,12.07,24.1,33.0,0.0,7.8894789465959345,33.0,2,2,0.9756097560975611,7.5875,1,1,40,0.0,1,1,1,0,0,1,0,0,0.0,1.0034465945590674,0.04339619988554372,5.374278843697193
T00068,D05,V05,2026-08-01,27,9.12,23.8,34.5,0.0,9.807663147266856,34.5,2,2,1.4814814814814814,11.584615384615384,1,1,26,0.0,0,0,0,0,0,0,0,0,0.0,1.0023347931198106,0.033753055439810956,4.679040061488005
T00069,D05,V05,2026-08-02,27,19.08,19.2,24.7,5.5,4.6903610926545065,19.2,0,0,0.0,5.288461538461538,0,0,27,0.0,1,0,0,0,0,1,0,0,0.0,1.0365642063486524,0.12358871699080713,3.065690045056091
T00070,D05,V05,2026-08-05,39,19.7,20.5,29.7,0.9,6.394865517995853,28.8,0,0,0.0,6.744736842105263,0,0,39,0.0,1,0,0,0,0,1,0,0,0.0,1.0260591961001397,0.14386447550194295,5.387783687293084
T00071,D05,V05,2026-08-01,27,10.77,18.4,25.2,3.6,5.168469495225538,21.599999999999998,0,0,0.0,5.334615384615384,0,0,27,0.0,0,0,0,0,0,0,0,0,0.0,1.0210764128012992,0.08816568732580665,3.340112135774505
T00072,D05,V05,2026-08-03,26,19.89,17.9,25.7,10.9,3.858204046125407,14.799999999999999,0,0,0.0,4.876,0,0,26,0.0,1,0,0,0,0,1,0,0,0.0,1.020473569284318,0.10843856402502167,3.302781374904174
T00073,D05,V05,2026-08-04,22,13.51,19.3,25.9,12.0,3.719612813253482,13.899999999999999,0,0,0.0,4.604761904761904,0,0,22,0.0,1,0,0,0,0,1,0,0,0.0,1.0112440846329767,0.03742473620856446,4.253138089280801
T00074,D05,V05,2026-08-06,12,7.0,26.6,35.0,3.0,8.064752151971398,32.0,0,0,0.0,5.745454545454544,0,0,12,0.0,1,0,0,0,1,0,0,0,0.0,0.9979107559028261,0.03042349427274886,3.271848171590875
T00075,D05,V05,2026-08-05,41,19.37,20.0,30.2,0.1,5.885201573521132,30.099999999999998,0,0,0.0,5.88,0,0,41,0.0,1,0,0,0,0,1,0,0,0.0,1.02095521633655,0.07772938563418683,4.047137206089603
T00076,D06,V06,2026-08-04,19,9.64,21.8,52.7,0.0,14.551949689511774,52.7,2,1,1.5789473684210527,17.605555555555554,1,1,18,5.263157894736842,1,0,0,0,0,0,0,1,5.263157894736842,1.0240979528914387,0.05354296031522945,4.654789315698771
T00077,D06,V06,2026-08-01,38,14.71,23.0,51.3,0.0,14.78673812801768,51.3,6,4,2.6315789473684212,19.208108108108107,1,1,37,0.0,0,0,0,0,0,0,0,0,15.789473684210526,1.0203689651287646,0.05875226276908372,4.331937101986466
T00078,D06,V06,2026-08-05,30,16.2,28.4,70.0,3.2,17.06708366498466,66.8,3,4,2.3333333333333335,18.286206896551725,0,0,30,6.666666666666667,1,0,0,0,0,0,0,1,30.0,1.0229275085024327,0.052744789077529865,4.278891346111256
T00079,D06,V06,2026-08-03,16,10.56,26.1,58.1,0.0,15.025454790676608,58.1,3,3,3.75,18.779999999999998,1,1,15,0.0,1,0,0,0,0,1,0,0,12.5,1.0286322431910102,0.08903494905009075,4.096882689828629
T00080,D06,V06,2026-08-02,40,3.39,17.7,54.4,0.0,14.179168540955443,54.4,3,3,1.5,15.810256410256411,4,4,36,2.5,1,0,0,0,0,1,0,1,7.5,1.0243562297424504,0.06990737159202044,5.165477695759958
T00081,D06,V06,2026-07-31,36,12.28,25.7,58.3,0.0,15.796918526112455,58.3,6,7,3.611111111111111,22.217142857142857,1,1,35,2.7777777777777777,1,0,1,0,0,1,0,1,27.77777777777778,1.0199149110936832,0.05893159924511006,6.22075536139749
T00082,D06,V06,2026-08-04,43,13.82,24.9,55.3,0.0,15.177362273511013,55.3,6,9,3.488372093023256,18.61904761904762,2,2,41,0.0,1,1,1,0,0,1,0,0,23.25581395348837,1.0239017089928468,0.07173719959249543,5.913722134257785
T00083,D06,V06,2026-08-05,36,17.44,23.3,48.7,0.0,13.727303345626815,48.7,2,1,0.8333333333333333,13.008571428571429,3,3,33,0.0,1,0,0,0,0,1,0,0,13.88888888888889,1.009313640640437,0.05177729602200923,6.946169050339105
T00084,D06,V06,2026-08-06,40,10.42,24.3,48.2,0.3,12.65425842988266,47.900000000000006,3,1,1.0,13.784615384615385,0,0,40,0.0,1,0,0,0,0,1,0,0,17.5,1.0102770525026028,0.059919836933237866,4.187228937867522
T00085,D06,V06,2026-08-03,20,11.43,25.4,49.3,0.0,12.902614994031657,49.3,1,1,1.0,14.200000000000001,2,2,18,0.0,0,0,0,0,0,0,0,0,15.0,1.0148498225380158,0.0339835516646639,9.969676260288539
T00086,D06,V06,2026-08-04,22,12.86,36.4,61.3,3.9,15.99364118772078,57.4,2,2,1.8181818181818181,15.71904761904762,0,0,22,4.545454545454546,1,1,1,0,0,0,0,1,50.0,1.0251965873987423,0.06337607258091334,4.214988059256662
T00087,D06,V06,2026-08-05,36,17.77,25.5,49.6,0.0,13.855377730812396,49.6,3,2,1.3888888888888888,15.102857142857143,1,1,35,0.0,0,0,0,0,0,0,0,0,25.0,1.014609865373628,0.07431718876628245,7.685404472299818
T00088,D06,V06,2026-08-01,42,18.52,27.9,73.6,0.0,17.721579625888364,73.6,7,4,2.619047619047619,21.263414634146343,1,1,41,4.761904761904762,1,0,0,0,0,0,0,1,35.714285714285715,1.040111636777886,0.07337589283913144,5.689427488842865
T00089,D06,V06,2026-08-06,38,17.55,35.8,63.4,0.5,16.93444476887732,62.9,7,5,3.1578947368421053,19.4027027027027,0,0,38,0.0,1,0,0,0,0,1,0,0,55.26315789473685,1.0278321061300446,0.07974709028234432,3.9218063830188328
T00090,D06,V06,2026-08-04,14,26.46,17.4,44.2,1.8,12.93669285319946,42.400000000000006,2,1,2.142857142857143,15.684615384615386,0,0,14,28.57142857142857,1,0,0,0,1,1,1,0,7.142857142857142,1.0285850977133126,0.06029016673830996,5.8081321262382515
T00091,D07,V07,2026-08-02,44,10.44,16.2,34.5,0.4,9.08987657984345,34.1,0,1,0.22727272727272727,9.602325581395348,0,0,44,0.0,0,0,0,0,0,0,0,0,0.0,1.021189165512249,0.06240421172754243,4.076777865927507
T00092,D07,V07,2026-08-05,41,16.75,30.9,44.8,3.0,8.497983261468283,41.8,1,1,0.48780487804878053,9.5075,0,0,41,0.0,1,0,0,0,0,1,0,0,17.073170731707318,1.025752564143854,0.08843256798892671,5.551050069811775
T00093,D07,V07,2026-08-03,32,19.64,17.4,30.8,0.0,8.425594049124676,30.8,0,1,0.3125,10.074193548387097,1,1,31,0.0,1,0,0,0,0,1,0,0,0.0,1.002345252490736,0.042107325964785614,5.261842288252251
T00094,D07,V07,2026-08-04,44,25.77,28.5,48.6,0.5,12.42325170296667,48.1,2,4,1.3636363636363635,12.453488372093023,0,0,44,0.0,1,1,1,0,0,1,0,0,18.181818181818183,1.0169094252851119,0.04893296642069604,3.185082905279165
T00095,D07,V07,2026-07-31,42,19.42,18.1,32.4,0.0,7.872568481427996,32.4,0,0,0.0,9.063414634146342,1,1,41,0.0,1,0,0,0,0,1,0,0,0.0,1.0447879479400857,0.09427955850710427,5.043040248442078
T00096,D07,V07,2026-08-01,16,6.28,31.3,43.8,3.8,9.231971169076877,40.0,0,1,0.625,9.726666666666667,0,0,16,0.0,0,0,0,0,0,0,0,0,18.75,1.0057948292857546,0.029102327641886527,2.928727891764805
T00097,D07,V07,2026-08-04,16,9.24,22.0,33.5,3.5,7.337018013698298,30.0,0,0,0.0,8.186666666666666,0,0,16,0.0,1,0,0,0,0,1,0,0,0.0,1.004987534016961,0.030939622415410734,6.782623759760618
T00098,D07,V07,2026-08-06,31,9.44,27.6,39.9,4.2,8.157499353289875,35.699999999999996,2,1,0.9677419354838709,9.71,0,0,31,0.0,1,0,0,0,0,1,0,0,9.67741935483871,1.0127103427892237,0.030533920940343344,5.922099918342183
T00099,D07,V07,2026-07-31,18,10.56,33.7,47.6,21.3,8.55823572313888,26.3,0,0,0.0,9.529411764705882,0,0,18,0.0,0,0,0,0,0,0,0,0,33.33333333333333,1.0076250380373584,0.046272269019620636,2.725570181041415
T00100,D07,V07,2026-08-05,42,12.41,28.4,45.7,1.7,11.109834140712739,44.0,3,4,1.6666666666666665,13.863414634146341,0,0,42,0.0,1,0,0,0,0,1,0,0,19.047619047619047,1.0144356965176695,0.04131087983129095,4.2263465413799315
T00101,D07,V07,2026-08-04,25,14.96,27.1,44.1,1.7,10.732005093799264,42.4,2,3,2.0,13.325000000000001,0,0,25,0.0,1,1,1,0,0,1,0,0,12.0,1.0082974892250343,0.03953760370536208,4.386377746856946
T00102,D07,V07,2026-08-02,20,11.13,28.5,54.4,0.1,15.516073160300243,54.3,3,2,2.5,17.247368421052634,0,0,20,5.0,1,0,0,0,0,0,0,1,20.0,0.9976887491984876,0.0309857305487458,3.301551005186181
T00103,D07,V07,2026-08-01,36,23.1,30.2,47.4,3.1,9.706487357710657,44.3,1,1,0.5555555555555556,11.594285714285713,0,0,36,0.0,1,0,0,0,0,1,0,0,22.22222222222222,1.0138287141489377,0.03719914792265944,4.5440086697518085
T00104,D07,V07,2026-08-05,16,11.59,22.0,34.0,3.6,9.76123071133963,30.4,0,0,0.0,12.273333333333335,0,0,16,0.0,1,0,0,0,0,1,0,0,0.0,1.0093591234192152,0.03711923088848958,6.246101217713312
T00105,D07,V07,2026-08-04,39,16.29,17.2,35.0,1.5,8.74167118546047,33.5,0,0,0.0,10.507894736842106,0,0,39,0.0,1,0,0,0,0,1,0,0,0.0,1.020325352074397,0.055691315739920685,5.8927602341933145
T00106,D08,V08,2026-08-01,37,10.51,26.5,46.3,1.1,9.979369108706614,45.199999999999996,1,1,0.5405405405405405,10.11111111111111,0,0,37,0.0,1,0,0,0,0,1,0,0,10.81081081081081,1.0250274493538702,0.06350676661905759,4.190319786793029
T00107,D08,V08,2026-08-04,33,18.92,25.3,46.0,2.1,10.80141071734838,43.9,0,2,0.6060606060606061,12.2125,0,0,33,0.0,1,0,0,0,0,1,0,0,12.121212121212121,0.9945281448149799,0.02591595951270454,4.15737992935431
T00108,D08,V08,2026-08-03,39,21.96,21.9,36.9,1.8,9.030216930603892,35.1,2,1,0.7692307692307693,10.592105263157896,0,0,39,0.0,1,0,0,0,0,1,0,0,0.0,1.001240347832276,0.04301128035496884,3.3713381556827167
T00109,D08,V08,2026-08-01,20,5.66,29.3,48.0,2.2,12.739506517749794,45.8,1,1,1.0,12.852631578947367,0,0,20,0.0,1,0,0,0,0,1,0,0,30.0,0.9981045867437359,0.037764281663970896,2.7637064450167914
T00110,D08,V08,2026-08-05,31,9.94,20.5,36.4,0.6,8.329561296842076,35.8,0,0,0.0,8.889999999999999,0,0,31,0.0,0,0,0,0,0,0,0,0,0.0,1.0298553126311611,0.09768863571002326,4.950029535615533
T00111,D08,V08,2026-08-02,41,12.96,18.8,34.4,0.0,7.806798163202096,34.4,1,1,0.48780487804878053,9.275,1,1,40,0.0,0,0,0,0,0,0,0,0,0.0,1.0274407723336973,0.12509095023219768,5.379967835471613
T00112,D08,V08,2026-08-02,16,8.37,29.0,39.8,2.8,8.075144477551678,37.0,1,1,1.25,7.686666666666667,0,0,16,0.0,0,0,0,0,0,0,0,0,6.25,1.016088355111629,0.05281178763918795,5.387318573908213
T00113,D08,V08,2026-08-04,45,29.76,18.5,36.9,1.2,9.371460543974601,35.699999999999996,2,1,0.6666666666666666,11.606818181818182,0,0,45,0.0,1,0,0,0,0,1,0,0,0.0,1.015308849919457,0.042676443200112504,4.7553809934931985
T00114,D08,V08,2026-08-03,40,14.46,20.3,40.3,0.0,10.125582920858408,40.3,1,1,0.5,10.143589743589745,1,1,39,0.0,0,0,0,0,0,0,0,0,5.0,1.02732308876251,0.05508474864970337,5.066354514738181
T00115,D08,V08,2026-08-05,11,8.99,24.9,40.4,2.0,14.278254285960362,38.4,1,1,1.8181818181818181,11.43,0,0,11,0.0,1,0,0,0,1,1,0,0,27.27272727272727,1.0132915814843957,0.06187235232425972,2.9619384035589316
T00116,D08,V08,2026-08-05,20,19.44,25.8,39.8,11.7,7.699323278533537,28.099999999999998,0,0,0.0,8.836842105263157,0,0,20,0.0,1,0,0,0,0,1,0,0,10.0,0.9997422955610119,0.041567857855981244,2.951620993825745
T00117,D08,V08,2026-07-31,39,16.03,29.6,56.3,0.0,11.568759995231142,56.3,3,2,1.2820512820512822,12.676315789473684,1,1,38,2.564102564102564,1,0,0,0,0,1,0,1,20.51282051282051,1.0204985375130593,0.10296098678812106,4.090166023614303
T00118,D08,V08,2026-08-01,16,11.92,26.6,36.6,6.0,9.136882674085292,30.6,1,0,0.625,11.233333333333333,0,0,16,0.0,1,0,0,0,0,1,0,0,0.0,1.009430274269347,0.054941994998467324,5.175785282588521
T00119,D08,V08,2026-08-06,35,12.23,27.6,47.3,0.8,8.79197781785076,46.5,1,1,0.5714285714285714,9.585294117647058,0,0,35,0.0,1,0,0,0,0,1,0,0,8.571428571428571,1.0481012410773327,0.1520510359197755,4.876679724760782
T00120,D08,V08,2026-08-03,43,13.03,24.4,45.2,0.0,9.605710165005311,45.2,1,1,0.46511627906976744,10.192857142857143,1,1,42,0.0,1,0,0,0,0,1,0,0,6.976744186046512,1.0146393896892052,0.05024702841676381,4.838298969283347
T00121,D09,V09,2026-08-04,13,12.7,23.5,29.4,3.3,6.805041494626594,26.099999999999998,0,1,0.7692307692307692,6.483333333333333,0,0,13,0.0,1,0,0,0,1,1,0,0,0.0,1.0176065521836457,0.032819918225410145,3.0053928766072766
T00122,D09,V09,2026-08-05,11,5.1,29.6,38.7,0.9,10.34495045904039,37.800000000000004,1,0,0.9090909090909091,6.960000000000001,0,0,11,0.0,1,1,1,0,0,0,0,0,18.181818181818183,1.0204179840149743,0.025724534761532126,2.9219195319688627
T00123,D09,V09,2026-08-01,43,18.24,20.7,31.0,1.9,7.4873189212838005,29.1,0,1,0.23255813953488372,7.071428571428571,0,0,43,0.0,1,0,0,0,0,1,0,0,0.0,1.0000781431078722,0.04238863003159682,3.5328331283721903
T00124,D09,V09,2026-08-05,13,10.78,21.6,30.0,16.1,4.152077021171884,13.899999999999999,0,0,0.0,5.408333333333334,0,0,13,0.0,1,1,1,0,0,1,0,0,0.0,1.0123140565888546,0.11350743765058831,3.212176179305433
T00125,D09,V09,2026-08-01,14,6.35,23.2,30.4,3.4,8.52655837968625,27.0,0,0,0.0,8.823076923076924,0,0,14,0.0,0,0,0,0,0,0,0,0,0.0,1.0166023124160621,0.033319360812518836,3.3878693865658738
T00126,D09,V09,2026-08-04,39,25.93,19.9,31.7,0.0,6.649572551278003,31.7,1,0,0.25641025641025644,7.3,1,1,38,0.0,1,0,0,0,0,1,0,0,0.0,1.0153011598287631,0.045841155711401904,3.0531734367504484
T00127,D09,V09,2026-08-05,26,17.56,24.1,34.7,3.8,6.045062829730111,30.900000000000002,0,0,0.0,7.42,0,0,26,0.0,1,0,0,0,0,1,0,0,0.0,1.0055694930460615,0.050785376254296376,3.2397027096945807
T00128,D09,V09,2026-08-06,25,16.75,31.0,38.4,19.9,3.648629879831607,18.5,0,0,0.0,3.866666666666667,0,0,25,0.0,1,0,0,0,0,1,0,0,8.0,0.9986484493216631,0.03218427843809544,3.366624237607061
T00129,D09,V09,2026-08-02,34,26.33,27.7,38.7,0.0,8.37953803941546,38.7,2,1,0.8823529411764706,8.299999999999999,1,1,33,0.0,1,0,0,0,0,1,0,0,2.941176470588235,1.0296183209756389,0.13513078353999672,3.400498784193315
T00130,D09,V09,2026-08-04,30,21.87,27.8,39.4,0.8,9.017786383828783,38.6,3,2,1.6666666666666667,8.244827586206897,0,0,30,0.0,1,0,0,0,0,1,0,0,3.3333333333333335,0.9996380609265859,0.023368424325362933,2.9344954521905326
T00131,D09,V09,2026-08-01,34,12.8,24.2,30.0,3.3,5.952054424453608,26.7,1,0,0.29411764705882354,6.445454545454546,0,0,34,0.0,0,0,0,0,0,0,0,0,0.0,1.0116326606885848,0.044142412147493496,4.614326337207261
T00132,D09,V09,2026-08-03,38,17.92,31.0,40.7,1.2,8.21197171050357,39.5,2,1,0.7894736842105263,7.537837837837839,0,0,38,0.0,0,0,0,0,0,0,0,0,18.421052631578945,0.9980431687167156,0.03164057793237681,3.9906929882100344
T00133,D09,V09,2026-08-01,13,8.4,23.4,32.5,16.9,4.238423146552355,15.600000000000001,0,0,0.0,4.983333333333333,0,0,13,0.0,1,0,0,0,1,1,0,0,0.0,1.0048810508404284,0.03632372686902881,3.377356382251502
T00134,D09,V09,2026-08-02,41,26.77,28.6,39.5,3.6,7.896949086707399,35.9,2,1,0.7317073170731708,7.245,0,0,41,0.0,1,0,0,0,0,1,0,0,2.4390243902439024,1.0188851986527563,0.0577546601192628,2.946829259181044
T00135,D09,V09,2026-08-06,22,12.36,29.3,38.0,3.4,8.86169831181907,34.6,1,2,1.3636363636363635,8.880952380952383,0,0,22,0.0,0,0,0,0,0,0,0,0,9.090909090909092,1.0178070930461154,0.10747134049648785,4.959813023935224
T00136,D10,V10,2026-08-02,37,18.61,21.5,38.9,1.4,8.912626431636744,37.5,1,1,0.5405405405405405,11.261111111111113,0,0,37,0.0,1,0,0,0,0,1,0,0,2.7027027027027026,1.0410778762570976,0.10858018747251988,3.4021798712711115
T00137,D10,V10,2026-08-03,42,21.89,17.8,39.7,0.0,9.95429071307768,39.7,1,0,0.23809523809523808,12.448780487804878,1,1,41,0.0,1,0,0,0,0,1,0,0,2.380952380952381,1.050914578982218,0.1494842354581124,4.7245842606603174
T00138,D10,V10,2026-08-01,39,25.16,16.9,34.8,0.0,9.40327131752483,34.8,1,2,0.7692307692307693,11.15263157894737,2,2,37,0.0,1,1,1,0,0,1,0,0,0.0,1.0076694712601584,0.044429788170312026,3.0950756144914076
T00139,D10,V10,2026-08-05,15,7.31,21.2,31.6,8.7,7.366449037940289,22.900000000000002,0,0,0.0,7.871428571428571,0,0,15,0.0,0,0,0,0,0,0,0,0,0.0,1.0237484819034897,0.0796490906613448,3.149178077653967
T00140,D10,V10,2026-08-01,13,5.75,20.5,36.6,3.0,11.223550103379809,33.6,0,0,0.0,11.108333333333334,0,0,13,0.0,1,0,0,0,1,0,0,0,0.0,1.0126904410946982,0.0411125656992813,6.752270579899447
T00141,D10,V10,2026-08-03,26,16.08,19.8,38.4,0.0,10.93731228410344,38.4,3,1,1.5384615384615383,15.755999999999998,1,1,25,0.0,1,0,0,0,0,1,0,0,3.8461538461538463,1.0041790496136704,0.04276463222880402,3.404122210871658
T00142,D10,V10,2026-08-01,30,11.83,19.1,33.8,3.8,8.36161797575169,29.999999999999996,0,0,0.0,9.89655172413793,0,0,30,0.0,0,0,0,0,0,0,0,0,0.0,1.0828785024482055,0.19743287537321685,4.451644089277311
T00143,D10,V10,2026-08-06,40,18.61,23.2,38.2,2.6,8.876147452005492,35.6,1,1,0.5,9.076923076923077,0,0,40,0.0,1,0,0,0,0,1,0,0,2.5,1.0263993285056086,0.11345096509171546,4.791673114457237
T00144,D10,V10,2026-08-01,40,5.92,16.9,34.2,0.0,9.295572422754105,34.2,0,0,0.0,9.515384615384615,1,1,39,0.0,1,0,0,0,0,1,0,0,0.0,1.0423296563580382,0.10462380704970253,7.129098904547412
T00145,D10,V10,2026-08-04,36,8.56,21.1,41.0,1.1,9.286793832240473,39.9,0,1,0.2777777777777778,9.622857142857143,0,0,36,0.0,1,0,0,0,0,1,0,0,5.555555555555555,1.010941245749778,0.04542520228995837,4.1906855260029126
T00146,D10,V10,2026-07-31,29,15.6,26.6,46.6,2.9,13.23314524234228,43.7,1,3,1.3793103448275863,15.232142857142858,0,0,29,0.0,0,0,0,0,0,0,0,0,17.24137931034483,1.0054940722572177,0.07438400582025956,5.835055176849617
T00147,D10,V10,2026-08-05,31,8.73,28.2,48.4,2.6,11.971016072433098,45.8,3,2,1.6129032258064515,14.196666666666665,0,0,31,0.0,1,0,0,0,0,1,0,0,19.35483870967742,1.0203103823849413,0.06986473395601268,4.310952115456676
T00148,D10,V10,2026-08-05,13,3.01,18.1,25.2,7.9,5.394512881694624,17.299999999999997,0,0,0.0,6.2250000000000005,0,0,13,0.0,0,0,0,0,0,0,0,0,0.0,1.0251643139681585,0.08542378755384622,3.304476925623398
T00149,D10,V10,2026-08-01,44,16.59,18.3,35.3,2.3,8.708415834265995,33.0,1,1,0.45454545454545453,10.03720930232558,0,0,44,0.0,1,1,1,0,0,1,0,0,0.0,1.0127681180686812,0.04585860905186127,5.378345425092852
T00150,D10,V10,2026-08-02,35,19.61,32.8,56.7,2.9,11.88192823103199,53.800000000000004,1,2,0.8571428571428571,12.620588235294118,0,0,35,0.0,0,0,0,0,0,0,0,0,34.285714285714285,1.010891288248644,0.045245772309778894,4.7795956624787115
T00151,D11,V11,2026-08-02,37,15.79,23.3,33.3,13.7,4.74402579891602,19.599999999999998,0,0,0.0,6.197222222222222,0,0,37,0.0,0,0,0,0,0,0,0,0,0.0,1.0084169428268956,0.0352853323820879,3.0909494104702175
T00152,D11,V11,2026-08-05,11,5.72,18.4,23.1,3.7,5.194437584395622,19.400000000000002,0,0,0.0,4.5600000000000005,0,0,11,0.0,0,0,0,0,0,0,0,0,0.0,1.0044826755607021,0.03920471844376346,3.3779269119293436
T00153,D11,V11,2026-08-03,13,6.87,31.3,37.7,27.0,2.88526317512694,10.700000000000003,0,0,0.0,2.991666666666667,0,0,13,0.0,0,0,0,0,0,0,0,0,7.6923076923076925,1.0022364809906177,0.03268596823059792,2.8560610334943743
T00154,D11,V11,2026-07-31,33,11.89,29.4,36.6,23.8,3.6983513935675494,12.8,0,0,0.0,4.40625,0,0,33,0.0,1,1,1,0,0,1,0,0,0.0,1.009254977924442,0.03958292507754266,4.73705148427394
T00155,D11,V11,2026-08-04,33,13.31,29.9,38.0,1.3,6.159796029188962,36.7,1,1,0.6060606060606061,4.9875,0,0,33,0.0,1,0,0,0,0,1,0,0,3.0303030303030303,1.0052403820662539,0.04092391976607208,4.687916439221395
T00156,D11,V11,2026-08-04,32,14.27,22.6,31.9,2.5,6.526904616352819,29.4,1,1,0.625,6.438709677419355,0,0,32,0.0,0,0,0,0,0,0,0,0,0.0,1.0039262068894186,0.03126498394833678,3.043233947901297
T00157,D11,V11,2026-08-04,27,16.74,27.2,39.1,2.3,8.951809888782284,36.800000000000004,1,1,0.7407407407407407,7.626923076923077,0,0,27,0.0,1,0,0,0,0,1,0,0,3.7037037037037033,1.0197408913697712,0.06214774290300256,2.8682104751467423
T00158,D11,V11,2026-07-31,37,21.35,28.1,39.9,0.0,7.802067178142741,39.9,2,2,1.081081081081081,6.9833333333333325,1,1,36,0.0,1,1,1,0,0,1,0,0,2.7027027027027026,1.005923062309036,0.024990181654233688,4.1898056101537655
T00159,D11,V11,2026-07-31,12,18.95,24.1,38.9,4.3,8.273446938394192,34.6,0,0,0.0,8.209090909090907,0,0,12,8.333333333333332,1,1,1,0,1,1,1,0,8.333333333333332,1.0077982202742388,0.031924579508753666,2.8780337280100134
T00160,D11,V11,2026-07-31,25,13.77,30.8,39.3,2.2,7.264805572071424,37.099999999999994,0,1,0.4,6.245833333333334,0,0,25,0.0,0,0,0,0,0,0,0,0,12.0,0.9999991142950965,0.023423888470214267,3.2600581974493177
T00161,D11,V11,2026-08-04,17,10.55,16.0,26.6,1.3,6.244344500049155,25.3,0,0,0.0,8.043750000000001,0,0,17,0.0,1,0,0,0,0,1,0,0,0.0,1.0025409832143075,0.035924233278807755,3.147885187925494
T00162,D11,V11,2026-08-01,11,6.22,28.3,37.0,19.3,5.429414835370884,17.7,0,0,0.0,3.9800000000000004,0,0,11,0.0,1,0,0,0,1,0,0,0,0.0,1.0486181615718606,0.20796477188172158,5.253689635056109
T00163,D11,V11,2026-08-05,30,19.31,18.0,27.4,0.0,6.992938967436999,27.4,0,0,0.0,8.193103448275862,2,2,28,0.0,1,0,0,0,0,1,0,0,0.0,1.0250743228290502,0.08962026793104144,3.4776115983419618
T00164,D11,V11,2026-08-01,11,4.73,24.3,32.2,2.2,8.099057184186766,30.000000000000004,1,0,0.9090909090909091,7.49,0,0,11,0.0,1,0,0,0,1,0,0,0,0.0,0.9847210865374663,0.03623423659081603,3.9366282266652943
T00165,D11,V11,2026-08-04,28,17.96,27.4,41.6,3.3,10.2082878197884,38.300000000000004,2,2,1.4285714285714286,10.177777777777779,0,0,28,0.0,1,0,0,0,0,1,0,0,3.571428571428571,1.0078658338057622,0.02809963049475736,4.753418612709631
T00166,D12,V12,2026-07-31,36,12.8,24.1,47.7,0.0,12.194363452021596,47.7,1,2,0.8333333333333333,11.485714285714286,1,1,35,0.0,0,0,0,0,0,0,0,0,8.333333333333332,1.0131975454252524,0.07154347768869945,3.039114602557918
T00167,D12,V12,2026-08-06,13,7.07,25.2,64.5,2.9,16.34958636660189,61.6,2,2,3.0769230769230766,18.441666666666666,0,0,13,0.0,0,0,0,0,0,0,0,0,23.076923076923077,1.0844679420322476,0.12093547699649625,6.422469771501557
T00168,D12,V12,2026-08-03,39,19.61,14.3,46.5,0.0,11.214749541895682,46.5,4,1,1.2820512820512822,15.228947368421053,3,3,36,0.0,1,0,0,0,0,1,0,0,2.564102564102564,1.0227315282519776,0.07274226738713008,4.037837759098354
T00169,D12,V12,2026-08-01,16,5.81,25.6,54.6,3.0,15.56613846355822,51.6,2,4,3.75,19.773333333333333,0,0,16,0.0,1,0,0,0,1,0,0,0,25.0,1.0370223936828096,0.0665807179324537,7.994931562888787
T00170,D12,V12,2026-08-04,44,13.13,27.7,51.0,0.0,12.294716675854506,51.0,2,3,1.1363636363636362,14.067441860465117,1,1,43,0.0,1,0,0,0,0,1,0,0,22.727272727272727,1.008662883369064,0.06591983492984484,7.855694732577246
T00171,D12,V12,2026-08-01,15,6.54,30.3,48.9,18.3,9.66661904750176,30.599999999999998,1,1,1.3333333333333333,15.335714285714287,0,0,15,0.0,1,0,0,0,1,0,0,0,20.0,1.03432189398836,0.045909300524415046,3.160463597952043
T00172,D12,V12,2026-08-02,22,10.84,21.0,48.7,2.2,12.303567391727107,46.5,1,2,1.3636363636363635,13.533333333333333,0,0,22,0.0,1,0,0,0,0,1,0,0,9.090909090909092,1.006507992996049,0.052738582953785154,8.55413044273253
T00173,D12,V12,2026-07-31,15,7.81,29.8,45.4,13.9,10.411454314954323,31.5,1,0,0.6666666666666666,13.242857142857144,0,0,15,0.0,0,0,0,0,0,0,0,0,26.666666666666668,1.0213099403317234,0.06939024565773526,5.6077653538881025
T00174,D12,V12,2026-08-03,27,12.44,24.7,53.1,2.4,14.812676483856137,50.7,4,3,2.5925925925925926,20.111538461538462,0,0,27,3.7037037037037033,1,0,0,0,0,0,0,1,18.51851851851852,1.0490200732680275,0.09898230587410714,3.0223294640184406
T00175,D12,V12,2026-08-03,13,16.02,24.1,34.8,5.2,9.673549715722979,29.599999999999998,1,1,1.5384615384615383,11.191666666666668,0,0,13,0.0,1,0,0,0,0,1,0,0,0.0,1.0250956523889856,0.06640014112158675,7.127575120304621
T00176,D12,V12,2026-08-02,10,9.34,25.6,40.7,0.0,12.310271230877806,40.7,0,1,1.0,15.299999999999999,1,1,9,0.0,1,0,0,0,1,1,0,0,20.0,1.0244547395667853,0.10111592126064442,8.843413291361566
T00177,D12,V12,2026-08-02,20,13.08,25.3,46.2,0.0,13.69142643754612,46.2,1,2,1.5,16.847368421052632,1,1,19,0.0,1,0,0,0,0,1,0,0,20.0,0.9989333492888599,0.05461794267108329,3.3111117916938015
T00178,D12,V12,2026-08-03,41,10.35,17.6,52.4,0.0,12.527034667509131,52.4,4,3,1.707317073170732,15.879999999999999,5,5,36,4.878048780487805,1,0,0,0,0,0,0,1,7.317073170731707,1.0450963680328957,0.13975405562115745,5.0216356458711715
T00179,D12,V12,2026-08-02,21,9.38,34.7,63.7,2.2,14.8495550678896,61.5,3,1,1.9047619047619047,16.525,0,0,21,0.0,1,0,0,0,1,0,0,0,42.857142857142854,1.0467651200268844,0.1474444731750134,5.440631630264318
T00180,D12,V12,2026-08-05,28,14.63,22.3,48.8,0.0,11.612424358027031,48.8,1,2,1.0714285714285714,12.118518518518519,2,2,26,0.0,1,0,0,0,0,1,0,0,7.142857142857142,1.0310209985104395,0.08565296424245428,4.439221250516291
T00181,D13,V13,2026-08-06,41,13.59,23.1,40.7,1.1,10.631957119699175,39.6,1,5,1.4634146341463417,11.5775,0,0,41,0.0,0,0,0,0,0,0,0,0,9.75609756097561,1.0365416741310944,0.1174661301577848,6.4770694311154084
T00182,D13,V13,2026-07-31,35,17.59,16.9,32.2,0.0,8.021792796118929,32.2,0,1,0.2857142857142857,11.338235294117647,1,1,34,0.0,1,0,0,0,0,1,0,0,0.0,1.0272587241320552,0.12211590195027199,3.6119117039302515
T00183,D13,V13,2026-07-31,25,13.92,17.5,31.7,2.7,7.54684702375767,29.0,0,0,0.0,9.108333333333333,0,0,25,0.0,1,0,0,0,0,1,0,0,0.0,1.0264935943074607,0.13918161413894983,3.2468895873943087
T00184,D13,V13,2026-08-03,27,13.15,26.8,43.8,0.7,10.20370442758825,43.099999999999994,1,2,1.111111111111111,11.953846153846154,0,0,27,0.0,0,0,0,0,0,0,0,0,18.51851851851852,1.002883175822549,0.04301344271365986,5.388934821041499
T00185,D13,V13,2026-08-02,32,14.95,26.5,40.9,1.2,9.21625437789477,39.699999999999996,0,2,0.625,11.100000000000001,0,0,32,0.0,0,0,0,0,0,0,0,0,9.375,1.012449750717416,0.08014283070420185,3.023598136314954
T00186,D13,V13,2026-08-04,40,15.28,32.9,61.8,3.4,12.139970007988973,58.4,4,3,1.75,13.484615384615385,0,0,40,2.5,1,0,0,0,0,1,0,1,40.0,1.0194735529907848,0.05578392151724084,4.115635456301475
T00187,D13,V13,2026-08-03,12,5.61,19.0,34.1,1.6,9.542357722758613,32.5,0,0,0.0,10.672727272727274,0,0,12,0.0,1,0,0,0,1,0,0,0,0.0,1.004325487947976,0.038405457823214924,11.245898380096301
T00188,D13,V13,2026-08-06,21,7.91,27.2,47.2,5.0,9.790777973855466,42.2,1,1,0.9523809523809523,11.59,0,0,21,0.0,0,0,0,0,0,0,0,0,14.285714285714285,1.0159082729757458,0.05044402783689587,7.86884516969363
T00189,D13,V13,2026-08-06,26,10.33,20.9,40.2,0.0,10.451364283413692,40.2,0,1,0.3846153846153846,11.347999999999999,1,1,25,0.0,0,0,0,0,0,0,0,0,3.8461538461538463,1.0145671546572403,0.08339777118328623,5.379145406514785
T00190,D13,V13,2026-07-31,14,11.21,34.6,40.9,15.7,6.556382679965672,25.2,0,0,0.0,8.700000000000001,0,0,14,0.0,1,0,0,0,1,1,0,0,35.714285714285715,1.0478333527550043,0.20330702586499136,3.972952445701402
T00191,D13,V13,2026-08-03,22,9.64,21.6,43.0,2.2,10.84420965847134,40.8,0,1,0.45454545454545453,11.280952380952382,0,0,22,0.0,0,0,0,0,0,0,0,0,9.090909090909092,1.0138359922180238,0.046974045230922364,5.081737723351224
T00192,D13,V13,2026-08-02,45,27.12,28.7,48.6,2.3,11.221142562325834,46.300000000000004,3,3,1.3333333333333333,11.668181818181818,0,0,45,0.0,1,0,0,0,0,1,0,0,13.333333333333334,1.0130704350493298,0.058500429933009544,3.503087957369794
T00193,D13,V13,2026-08-02,28,13.45,23.2,37.3,0.5,10.663695022570346,36.8,2,2,1.4285714285714286,11.97037037037037,0,0,28,0.0,0,0,0,0,0,0,0,0,0.0,1.0160720489157717,0.07500976715141466,3.3556434902955923
T00194,D13,V13,2026-08-04,26,17.99,17.7,34.6,2.1,8.905383851270058,32.5,1,1,0.7692307692307692,11.392000000000001,0,0,26,0.0,1,0,0,0,0,1,0,0,0.0,1.0374183636469843,0.17636401083762498,5.074806288006273
T00195,D13,V13,2026-07-31,37,9.88,27.8,47.6,0.0,12.396823433090882,47.6,2,3,1.3513513513513513,12.822222222222223,1,1,36,0.0,1,0,0,0,0,1,0,0,18.91891891891892,1.065607259113412,0.1755344430444777,4.559505124833738
T00196,D14,V14,2026-07-31,33,5.98,22.6,63.1,0.0,16.630519134009816,63.1,4,6,3.0303030303030303,18.81875,1,1,32,6.0606060606060606,1,1,1,0,0,1,0,1,18.181818181818183,1.0580995703775968,0.12915154283130104,5.9864859021029275
T00197,D14,V14,2026-08-05,10,4.83,26.7,58.6,1.1,21.597450981282233,57.5,3,4,7.0,35.55555555555556,0,0,10,20.0,1,0,0,0,1,0,0,1,40.0,1.088432374546488,0.2228052613559251,3.814991969248814
T00198,D14,V14,2026-08-02,34,8.37,19.5,51.1,0.0,14.551887614845032,51.1,5,3,2.3529411764705883,17.415151515151518,2,2,32,0.0,0,0,0,0,0,0,0,0,11.76470588235294,1.0585741159081743,0.17573573465909917,5.4741043921135555
T00199,D14,V14,2026-08-01,10,2.67,25.3,43.6,2.6,12.48706441793978,41.0,0,1,1.0,10.955555555555556,0,0,10,0.0,1,0,0,0,1,0,0,0,20.0,1.043162294339479,0.09486614938014534,6.603185030318443
T00200,D14,V14,2026-08-01,30,16.72,23.4,57.9,1.1,14.480166776838502,56.8,4,3,2.3333333333333335,18.175862068965518,0,0,30,3.3333333333333335,1,0,0,0,0,1,0,1,13.333333333333334,1.0253160809781035,0.061407351753257365,5.656512696147109
T00201,D14,V14,2026-08-05,32,9.17,29.4,60.5,0.0,15.424966343352208,60.5,5,5,3.125,17.45483870967742,1,1,31,0.0,1,0,0,0,0,1,0,0,31.25,1.0733920169157456,0.10849416465496212,6.726676007052224
T00202,D14,V14,2026-08-03,45,23.69,28.3,52.0,0.0,12.235254989025142,52.0,2,4,1.3333333333333333,12.2,2,2,43,0.0,0,0,0,0,0,0,0,0,17.77777777777778,1.034625297951148,0.08664952627701934,3.283700075848648
T00203,D14,V14,2026-08-06,10,4.03,23.7,47.8,2.9,12.43998928188177,44.9,0,1,1.0,14.166666666666666,0,0,10,0.0,1,0,0,0,1,0,0,0,10.0,1.0344136960679733,0.054635208296017396,5.912916062135183
T00204,D14,V14,2026-08-05,32,15.46,31.6,65.5,2.3,18.381021067499788,63.2,5,7,3.75,21.06451612903226,0,0,32,6.25,1,0,0,0,0,0,0,1,53.125,1.044217722133096,0.07562666389774787,5.759290414058026
T00205,D14,V14,2026-08-05,20,13.49,21.0,44.1,0.0,12.969498630897114,44.1,2,1,1.5,14.168421052631578,1,1,19,0.0,1,0,0,0,0,1,0,0,5.0,1.03354601583403,0.07323561941542725,6.576130205387486
T00206,D14,V14,2026-07-31,43,18.53,22.0,60.3,1.4,13.942903663484651,58.9,5,5,2.3255813953488373,16.60238095238095,0,0,43,2.3255813953488373,1,1,1,0,0,0,0,1,16.27906976744186,1.027490374901256,0.06256325710580955,5.132396519746116
T00207,D14,V14,2026-07-31,45,13.04,30.9,61.2,3.6,14.368655209352493,57.6,7,4,2.4444444444444446,17.00227272727273,0,0,45,2.2222222222222223,1,0,0,0,0,1,0,1,31.11111111111111,1.0099554602125538,0.042888220836842704,4.840613814452241
T00208,D14,V14,2026-07-31,44,14.23,19.0,44.8,0.0,12.883037629471081,44.8,3,3,1.3636363636363635,15.746511627906978,3,3,41,0.0,0,0,0,0,0,0,0,0,9.090909090909092,1.0155516383780074,0.0516453178185219,3.431993829261272
T00209,D14,V14,2026-08-05,23,6.0,33.0,62.6,2.6,14.839065523564756,60.0,2,3,2.173913043478261,16.599999999999998,0,0,23,0.0,1,0,0,0,0,1,0,0,43.47826086956522,1.0343148224312892,0.06201741187888024,5.995166950488779
T00210,D14,V14,2026-07-31,15,8.02,25.0,55.3,0.0,16.272764274789246,55.3,3,3,4.0,20.807142857142857,1,1,14,0.0,0,0,0,0,0,0,0,0,26.666666666666668,1.0151052657086137,0.047964639475100455,3.092824562034053
T00211,D15,V15,2026-08-04,15,5.9,24.7,48.7,1.2,14.347068723344883,47.5,1,4,3.3333333333333335,21.614285714285717,0,0,15,0.0,1,1,1,0,0,0,0,0,20.0,1.0015621266265347,0.049855217243819104,5.937374330578957
T00212,D15,V15,2026-08-03,25,13.7,17.4,30.9,0.4,8.203938078752179,30.5,0,0,0.0,9.1375,0,0,25,0.0,1,0,0,0,0,1,0,0,0.0,1.0138931748962807,0.04907636373911695,5.616803580984042
T00213,D15,V15,2026-08-03,32,27.34,29.7,52.5,2.0,12.244692316238694,50.5,3,3,1.875,13.406451612903227,0,0,32,0.0,1,0,0,0,0,1,0,0,28.125,1.0338115471909874,0.10405750839063013,5.318775467602673
T00214,D15,V15,2026-08-05,42,29.08,21.1,42.9,2.1,9.614019295544333,40.8,0,1,0.23809523809523808,8.629268292682926,0,0,42,0.0,1,0,0,0,0,1,0,0,2.380952380952381,1.0083358718369373,0.04844366147151017,5.3654653962152805
T00215,D15,V15,2026-08-05,22,15.83,24.8,42.4,0.5,9.801622138033913,41.9,0,0,0.0,9.961904761904762,0,0,22,0.0,1,0,0,0,0,1,0,0,4.545454545454546,1.0294746289015249,0.14991565022935316,4.097826296022339
T00216,D15,V15,2026-08-05,45,15.39,26.1,46.9,2.7,10.71242175224537,44.199999999999996,1,3,0.8888888888888888,11.825000000000001,0,0,45,0.0,1,0,0,0,0,1,0,0,15.555555555555555,1.0312756086676844,0.1506685746868516,5.430148161521714
T00217,D15,V15,2026-08-04,42,18.22,19.2,36.0,0.0,10.27932421844554,36.0,2,1,0.7142857142857143,11.551219512195122,3,3,39,0.0,1,0,0,0,0,1,0,0,0.0,1.0377732886357756,0.10516830396938458,6.039404649057152
T00218,D15,V15,2026-08-02,27,10.93,18.6,29.6,2.4,7.703730550029927,27.200000000000003,0,0,0.0,9.415384615384616,0,0,27,0.0,0,0,0,0,0,0,0,0,0.0,1.0462381212459773,0.1213859750794282,6.347778144523704
T00219,D15,V15,2026-08-04,42,15.24,16.9,38.8,0.0,9.900736431272833,38.8,2,2,0.9523809523809523,10.43170731707317,1,1,41,0.0,1,1,1,0,0,1,0,0,2.380952380952381,1.0116002036047016,0.09932174605437738,6.413692619856725
T00220,D15,V15,2026-08-05,41,9.42,19.6,45.0,5.2,8.350584177023844,39.8,1,0,0.24390243902439027,9.434999999999999,0,0,41,0.0,1,0,0,0,0,1,0,0,2.4390243902439024,1.0125712363281543,0.09770083748307869,4.047069188466392
T00221,D15,V15,2026-08-02,13,11.28,18.1,30.0,0.0,10.120973400029394,30.0,1,0,0.7692307692307692,11.75,1,1,12,0.0,1,0,0,0,1,1,0,0,0.0,0.9853596894915958,0.042924031949226296,5.634566564008042
T00222,D15,V15,2026-08-04,36,16.74,28.8,45.2,0.2,10.14851111137874,45.0,4,2,1.6666666666666665,12.202857142857143,0,0,36,0.0,0,0,0,0,0,0,0,0,16.666666666666664,1.00805771442272,0.07163004121223236,3.920051430445587
T00223,D15,V15,2026-08-02,39,17.99,24.9,46.7,1.7,8.264185448887458,45.0,1,0,0.25641025641025644,8.705263157894738,0,0,39,0.0,0,0,0,0,0,0,0,0,5.128205128205128,1.016462256626076,0.0679184405101168,4.159547636052173
T00224,D15,V15,2026-08-03,13,7.79,18.2,26.3,6.9,5.555258539068856,19.4,0,0,0.0,6.375,0,0,13,0.0,1,0,0,0,0,1,0,0,0.0,1.0260459748491477,0.08030491238928467,6.064502580981147
T00225,D15,V15,2026-07-31,45,20.93,30.1,46.2,0.0,11.090659460678038,46.2,4,3,1.5555555555555556,12.431818181818182,2,2,43,0.0,0,0,0,0,0,0,0,0,22.22222222222222,1.0076885390649244,0.07174233735990349,6.359770785146395
T00226,D16,V16,2026-08-03,33,13.75,29.0,36.4,18.4,3.974452030078353,18.0,0,0,0.0,3.978125,0,0,33,0.0,0,0,0,0,0,0,0,0,0.0,1.0028812011655523,0.048305919509279406,6.1426922741648955
T00227,D16,V16,2026-08-04,44,17.6,20.0,35.0,0.5,7.5804950972652,34.5,0,0,0.0,7.5558139534883715,0,0,44,0.0,0,0,0,0,0,0,0,0,0.0,0.9959715182800715,0.043628806915957254,3.56348725637898
T00228,D16,V16,2026-07-31,26,15.45,27.7,33.1,1.5,6.194803032815864,31.6,1,1,0.7692307692307692,6.316,0,0,26,0.0,1,0,0,0,0,1,0,0,0.0,1.0176360914815208,0.052627908250114964,3.7899474046809427
T00229,D16,V16,2026-08-03,21,6.41,22.1,34.0,2.3,9.041080845625862,31.7,0,0,0.0,7.75,0,0,21,0.0,0,0,0,0,0,0,0,0,0.0,0.9905117458294076,0.05581716082602104,2.971444942912077
T00230,D16,V16,2026-07-31,35,20.13,28.7,39.9,0.0,9.084961255195498,39.9,2,2,1.1428571428571428,9.094117647058823,1,1,34,0.0,1,0,0,0,0,1,0,0,2.857142857142857,1.0154359934626611,0.11454873241363933,7.516363043552523
T00231,D16,V16,2026-08-03,27,10.89,20.4,27.7,0.4,6.281048236685255,27.3,0,0,0.0,6.449999999999999,0,0,27,0.0,1,1,1,0,0,0,0,0,0.0,1.0096587737837965,0.041982750156282236,3.3039376828798104
T00232,D16,V16,2026-08-02,24,16.32,23.7,33.6,4.2,5.389677466083272,29.400000000000002,0,0,0.0,5.021739130434782,0,0,24,0.0,1,0,0,0,0,1,0,0,0.0,1.025334762570557,0.1513527397297467,4.283047520923794
T00233,D16,V16,2026-08-06,17,6.13,27.4,38.5,5.3,7.4221795990126775,33.2,0,0,0.0,8.5125,0,0,17,0.0,0,0,0,0,0,0,0,0,5.88235294117647,1.0432776925094884,0.1824601253194307,3.5055250613993074
T00234,D16,V16,2026-08-04,43,30.63,24.6,37.5,1.0,9.61704547543753,36.5,2,1,0.6976744186046512,8.571428571428571,0,0,43,0.0,1,0,0,0,0,1,0,0,2.3255813953488373,1.0095602949020275,0.0620192886979636,3.9929813571655894
T00235,D16,V16,2026-08-01,39,15.57,30.7,39.6,2.3,7.523933024100303,37.300000000000004,1,0,0.25641025641025644,6.468421052631578,0,0,39,0.0,1,0,0,0,0,1,0,0,10.256410256410255,1.0181144978975618,0.059574786626609484,4.027029159115182
T00236,D16,V16,2026-07-31,37,19.49,28.5,37.9,1.0,10.765638112251589,36.9,4,3,1.8918918918918919,9.044444444444444,0,0,37,0.0,0,0,0,0,0,0,0,0,5.405405405405405,1.0128713114347425,0.06194086325798613,2.958206838378404
T00237,D16,V16,2026-08-01,20,7.56,28.3,39.4,2.7,7.267047108985226,36.699999999999996,1,1,1.0,7.989473684210527,0,0,20,0.0,0,0,0,0,0,0,0,0,5.0,1.0047635253708704,0.04147108167208207,4.6831508019266845
T00238,D16,V16,2026-08-03,25,14.04,29.7,36.1,4.3,6.116554040743311,31.8,1,1,0.8,6.2124999999999995,0,0,25,0.0,0,0,0,0,0,0,0,0,0.0,1.013939667139089,0.07352459482117638,3.336354347335087
T00239,D16,V16,2026-08-03,27,10.67,17.2,28.8,0.6,7.272893905109969,28.2,0,0,0.0,8.038461538461538,0,0,27,0.0,1,1,1,0,0,0,0,0,0.0,1.0085430073307842,0.04082187565547468,3.673042547602597
T00240,D16,V16,2026-08-01,41,27.28,19.5,28.0,0.0,4.483579797982639,28.0,0,0,0.0,4.7875,1,1,40,0.0,1,0,0,0,0,1,0,0,0.0,1.022686064214575,0.07307543645326153,4.378070379569154
T00241,D17,V17,2026-08-03,30,13.13,19.4,32.9,2.7,8.12682799949238,30.2,0,0,0.0,10.331034482758621,0,0,30,0.0,1,0,0,0,0,1,0,0,0.0,1.0310399695591468,0.13905833992078437,6.752141179074832
T00242,D17,V17,2026-08-04,30,18.11,25.6,45.0,2.3,9.75869550355141,42.7,2,0,0.6666666666666666,12.041379310344826,0,0,30,0.0,1,0,0,0,0,1,0,0,10.0,1.005663378823757,0.05396744062588423,3.895714794039489
T00243,D17,V17,2026-08-05,37,24.36,27.4,52.0,0.0,10.84788419884687,52.0,1,1,0.5405405405405405,10.022222222222222,1,1,36,0.0,1,0,0,0,0,1,0,0,13.513513513513514,1.0312226470639831,0.13946022240001524,4.718318224529682
T00244,D17,V17,2026-08-06,33,20.93,27.4,48.0,1.1,12.000064709421489,46.9,1,2,0.9090909090909092,12.55625,0,0,33,0.0,1,0,0,0,0,1,0,0,21.21212121212121,1.0252315511436287,0.052308817315942446,4.100437168586489
T00245,D17,V17,2026-08-04,39,14.98,27.0,44.7,3.9,9.312939933363104,40.800000000000004,2,2,1.0256410256410258,10.555263157894737,0,0,39,0.0,0,0,0,0,0,0,0,0,7.6923076923076925,1.024159219989686,0.07959978714177338,7.417249536869392
T00246,D17,V17,2026-08-04,44,28.62,28.0,45.2,1.3,11.014129883129781,43.900000000000006,5,2,1.5909090909090908,11.17906976744186,0,0,44,0.0,1,0,0,0,0,1,0,0,9.090909090909092,1.0136348271290474,0.039376311544613296,4.401082105956718
T00247,D17,V17,2026-08-05,27,9.65,31.6,49.6,1.8,13.074743491897552,47.800000000000004,1,3,1.4814814814814814,13.873076923076923,0,0,27,0.0,1,0,0,0,0,1,0,0,33.33333333333333,1.0173116452955588,0.06812162238434744,4.71746262777945
T00248,D17,V17,2026-07-31,31,17.34,24.8,38.0,3.5,6.756308083911745,34.5,0,0,0.0,6.363333333333333,0,0,31,0.0,1,0,0,0,0,1,0,0,3.225806451612903,1.020953627883716,0.0652238149358148,4.20087461236973
T00249,D17,V17,2026-07-31,13,6.67,28.2,44.5,18.7,8.443887183592091,25.8,0,0,0.0,10.616666666666665,0,0,13,0.0,0,0,0,0,0,0,0,0,15.384615384615385,1.0591885798669762,0.06714857880843755,6.0546627755648625
T00250,D17,V17,2026-07-31,33,14.64,25.1,48.3,0.0,10.648276642468746,48.3,1,1,0.6060606060606061,10.878124999999999,1,1,32,0.0,0,0,0,0,0,0,0,0,6.0606060606060606,1.0162488824039384,0.06334969845543592,3.229344784928771
T00251,D17,V17,2026-08-01,13,3.82,21.6,38.0,8.3,8.847185558565634,29.7,0,0,0.0,8.558333333333334,0,0,13,0.0,0,0,0,0,0,0,0,0,7.6923076923076925,1.0278306079881696,0.05053887668147526,7.055503067360452
T00252,D17,V17,2026-08-02,44,18.93,25.3,42.7,4.3,7.9040289322295765,38.400000000000006,0,1,0.22727272727272727,9.355813953488372,0,0,44,0.0,0,0,0,0,0,0,0,0,6.8181818181818175,1.0139189496332806,0.05009177560493707,3.82090332803771
T00253,D17,V17,2026-07-31,31,19.45,20.1,39.4,2.4,10.042432554560834,37.0,1,2,0.9677419354838709,13.580000000000002,0,0,31,0.0,1,0,0,0,0,1,0,0,6.451612903225806,1.0108148567069288,0.043788921459307587,3.3777795147612513
T00254,D17,V17,2026-08-02,12,5.77,18.1,35.2,6.2,9.26921836461463,29.000000000000004,0,0,0.0,9.20909090909091,0,0,12,0.0,0,0,0,0,0,0,0,0,0.0,1.0195433293202047,0.07361373121915823,3.0821050607157177
T00255,D17,V17,2026-08-05,21,9.18,29.3,42.8,2.6,10.64879827782951,40.199999999999996,2,1,1.4285714285714286,10.91,0,0,21,0.0,0,0,0,0,0,0,0,0,19.047619047619047,1.016908049001621,0.029571453625119575,4.064001655226174
T00256,D18,V18,2026-07-31,25,17.39,21.1,27.7,1.2,6.402338114574497,26.5,0,0,0.0,6.425,0,0,25,0.0,1,0,0,0,0,1,0,0,0.0,1.0136532304815675,0.029767297742270937,4.887136760338907
T00257,D18,V18,2026-08-05,18,10.19,21.6,30.3,14.8,4.843285899124024,15.5,0,0,0.0,5.670588235294118,0,0,18,0.0,1,0,0,0,0,1,0,0,0.0,1.007390417212167,0.02897448326060384,3.507075687219487
T00258,D18,V18,2026-07-31,19,9.49,24.4,32.6,0.0,8.430389195541572,32.6,0,0,0.0,6.611111111111111,1,1,18,0.0,0,0,0,0,0,0,0,0,0.0,1.0346844959203658,0.15444000707544545,3.652954190182611
T00259,D18,V18,2026-08-06,39,24.03,20.1,32.2,0.2,8.744211117658097,32.0,2,1,0.7692307692307693,10.305263157894737,0,0,39,0.0,1,0,0,0,0,1,0,0,0.0,1.0095429117421508,0.034860724656545945,3.088059940110108
T00260,D18,V18,2026-08-05,35,18.03,27.5,35.0,5.0,5.56880869235969,30.0,1,0,0.2857142857142857,5.779411764705882,0,0,35,0.0,1,1,1,0,0,0,0,0,0.0,1.0316158919320193,0.09959459041617627,5.228974183160649
T00261,D18,V18,2026-08-01,28,16.32,31.1,39.1,2.1,6.879786933762429,37.0,1,1,0.7142857142857143,6.807407407407407,0,0,28,0.0,0,0,0,0,0,0,0,0,10.714285714285714,1.003282456805389,0.03510762936140125,5.138860963016755
T00262,D18,V18,2026-08-04,38,21.74,18.8,25.6,0.8,6.046778882234747,24.8,0,0,0.0,6.31891891891892,0,0,38,0.0,1,0,0,0,0,1,0,0,0.0,1.0080081627390345,0.035440725678954475,4.705720044182699
T00263,D18,V18,2026-08-05,25,12.79,30.4,38.1,1.8,6.9152898228008715,36.300000000000004,1,1,0.8,6.275000000000001,0,0,25,0.0,0,0,0,0,0,0,0,0,8.0,1.0128675903732471,0.04761132099585805,3.08569197481714
T00264,D18,V18,2026-08-01,16,9.06,28.5,35.0,19.3,3.983669790532344,15.7,0,0,0.0,4.22,0,0,16,0.0,0,0,0,0,0,0,0,0,0.0,0.9807433199238819,0.03623593685364227,3.148887402845695
T00265,D18,V18,2026-08-03,21,7.15,23.9,29.1,16.7,3.2109930224894905,12.400000000000002,0,0,0.0,3.7600000000000002,0,0,21,0.0,0,0,0,0,0,0,0,0,0.0,1.0117981744399032,0.06582763029369255,2.9686332100564408
T00266,D18,V18,2026-07-31,11,8.56,32.0,39.3,27.8,3.7987557771651295,11.499999999999996,0,0,0.0,4.469999999999999,0,0,11,0.0,0,0,0,0,0,0,0,0,18.181818181818183,1.0137315393724566,0.036373103932777026,3.649865272887128
T00267,D18,V18,2026-08-05,25,10.82,24.4,35.0,2.4,6.531224999952153,32.6,1,1,0.8,7.295833333333333,0,0,25,0.0,0,0,0,0,0,0,0,0,0.0,1.0145324918914307,0.03984165137040167,6.65301302040756
T00268,D18,V18,2026-08-06,16,4.81,22.2,27.0,15.8,3.7658498376860425,11.2,0,0,0.0,4.679999999999999,0,0,16,0.0,0,0,0,0,0,0,0,0,0.0,1.0104513033481768,0.042380512024226415,3.137998025401977
T00269,D18,V18,2026-08-01,40,10.24,31.9,40.1,21.0,3.879233832627925,19.1,0,0,0.0,4.7384615384615385,0,0,40,0.0,1,0,0,0,0,1,0,0,7.5,1.0175589907648395,0.046428884838261034,4.170205563981527
T00270,D18,V18,2026-08-05,44,13.13,21.0,31.8,12.6,3.6578566720695616,19.200000000000003,0,0,0.0,4.146511627906977,0,0,44,0.0,1,1,1,0,0,0,0,0,0.0,1.004277628526326,0.04780059672384527,2.98156641889141
T00271,D19,V19,2026-08-06,33,15.68,22.9,54.4,0.0,15.527201205392014,54.4,4,4,2.4242424242424243,15.91875,2,2,31,3.0303030303030303,1,0,0,0,0,1,0,1,15.151515151515152,1.0038350169523838,0.05003359447250082,4.357158712228044
T00272,D19,V19,2026-08-02,15,8.79,19.9,33.4,0.0,10.425618629583752,33.4,0,0,0.0,8.428571428571429,2,2,13,0.0,1,0,0,0,0,1,0,0,0.0,1.0435214987388692,0.06923728611849413,3.080238617068326
T00273,D19,V19,2026-07-31,45,2.29,28.1,53.2,0.0,15.424443738639807,53.2,6,7,2.888888888888889,17.134090909090908,1,1,44,0.0,1,0,0,0,0,1,0,0,33.33333333333333,1.052265277436053,0.09952858949809987,6.135203033781199
T00274,D19,V19,2026-08-02,38,13.42,17.0,46.6,0.0,14.976085251000498,46.6,7,4,2.8947368421052633,15.705405405405406,5,6,32,0.0,0,0,0,0,0,0,0,0,10.526315789473683,1.015881337985221,0.05510385062024146,3.2578084641207488
T00275,D19,V19,2026-07-31,15,7.19,18.5,44.3,0.0,13.675588261048016,44.3,0,2,1.3333333333333333,15.864285714285714,2,2,13,0.0,0,0,0,0,0,0,0,0,6.666666666666667,1.112755208495051,0.22828454823922836,6.382860686105132
T00276,D19,V19,2026-08-01,41,18.11,32.4,59.1,0.4,14.49818743927634,58.7,2,4,1.4634146341463417,15.9025,0,0,41,0.0,1,0,0,0,0,1,0,0,43.90243902439025,1.0604209031597422,0.13267364412506244,5.787090420477927
T00277,D19,V19,2026-07-31,13,7.32,26.5,54.9,0.0,15.402297530913016,54.9,2,2,3.0769230769230766,20.308333333333334,1,1,12,0.0,0,0,0,0,0,0,0,0,15.384615384615385,1.0959519692169588,0.19236979475373014,7.7434270150529
T00278,D19,V19,2026-08-06,11,5.63,29.8,57.8,0.3,16.863656456738827,57.5,1,2,2.727272727272727,17.6,0,0,11,0.0,1,1,1,0,0,0,0,0,27.27272727272727,1.1723251249674378,0.2524749126291358,9.909772824105081
T00279,D19,V19,2026-08-01,17,10.28,18.9,46.8,0.0,14.059803989931513,46.8,0,4,2.3529411764705883,16.325,2,2,15,0.0,1,0,0,0,1,1,0,0,11.76470588235294,1.012305263121885,0.06194297899451035,4.819550332896587
T00280,D19,V19,2026-08-02,10,4.99,25.9,50.5,0.0,15.841731106304149,50.5,1,2,3.0,20.77777777777778,1,1,9,0.0,0,0,0,0,0,0,0,0,30.0,1.0178359636867875,0.06201479237325868,5.9073428704872954
T00281,D19,V19,2026-08-06,13,4.37,16.0,36.6,0.0,12.495296551000136,36.6,0,0,0.0,11.424999999999999,2,3,10,0.0,1,1,1,0,1,0,0,0,0.0,1.0054130956709026,0.05035754800662924,7.8657488492935475
T00282,D19,V19,2026-08-02,10,4.61,33.4,58.6,18.1,11.808019873515345,40.5,0,1,1.0,14.399999999999999,0,0,10,0.0,0,0,0,0,0,0,0,0,30.0,1.0982467967967224,0.2208065350425292,7.634956561082544
T00283,D19,V19,2026-08-02,44,20.12,23.1,48.7,1.6,12.348629140477444,47.1,3,7,2.2727272727272725,15.523255813953488,0,0,44,0.0,1,0,0,0,0,1,0,0,20.454545454545457,1.0381672855741817,0.12003335148892674,4.723358319143111
T00284,D19,V19,2026-08-06,15,7.82,21.7,63.3,0.0,17.923586482089803,63.3,2,3,3.3333333333333335,20.514285714285712,1,1,14,0.0,0,0,0,0,0,0,0,0,13.333333333333334,1.0564090672689235,0.15495972722891735,9.466176416963227
T00285,D19,V19,2026-08-06,18,5.69,34.5,58.8,6.5,13.59135634586414,52.3,2,1,1.6666666666666665,15.552941176470586,0,0,18,0.0,1,0,0,0,0,1,0,0,33.33333333333333,1.0048983263042253,0.05857843823225055,4.159445097305995
T00286,D20,V20,2026-08-04,13,6.86,22.7,40.1,0.0,13.672759742435286,40.1,1,1,1.5384615384615383,11.799999999999999,1,1,12,0.0,0,0,0,0,0,0,0,0,23.076923076923077,1.0083238348057721,0.03647439068895027,5.931076691061221
T00287,D20,V20,2026-08-04,14,8.26,31.2,44.6,0.3,11.332254850646452,44.300000000000004,1,1,1.4285714285714286,11.153846153846153,0,0,14,0.0,0,0,0,0,0,0,0,0,35.714285714285715,1.0104026929328942,0.05688015308549226,4.754850843591693
T00288,D20,V20,2026-07-31,39,12.0,24.0,39.7,3.8,9.935975882324948,35.900000000000006,0,1,0.25641025641025644,9.210526315789474,0,0,39,0.0,1,0,0,0,0,1,0,0,5.128205128205128,1.0133210616031199,0.055318840977488036,4.0501035703270825
T00289,D20,V20,2026-08-02,12,4.03,18.4,28.5,0.3,8.860685211892047,28.2,0,0,0.0,12.4,0,0,12,0.0,1,0,0,0,1,0,0,0,0.0,1.0050290607659507,0.036271757346373,6.211082188883032
T00290,D20,V20,2026-08-06,27,10.25,31.0,48.4,1.8,9.766926282247091,46.6,0,0,0.0,10.476923076923075,0,0,27,0.0,1,0,0,0,0,1,0,0,22.22222222222222,1.0288430263078001,0.08034414795615007,6.5191901144528925
T00291,D20,V20,2026-08-06,10,4.51,20.9,30.4,12.2,6.137905904206165,18.2,0,0,0.0,6.311111111111112,0,0,10,0.0,1,0,0,0,1,0,0,0,0.0,1.0202243397927324,0.04014275214065385,6.180027631932123
T00292,D20,V20,2026-08-01,28,22.32,23.9,42.1,0.7,11.645168401098676,41.4,4,4,2.857142857142857,15.670370370370371,0,0,28,0.0,1,0,0,0,1,1,0,0,10.714285714285714,1.034830774167827,0.07782899759183358,4.720458772641577
T00293,D20,V20,2026-08-06,30,15.03,22.9,37.5,0.0,9.829568342155389,37.5,1,2,1.0,10.558620689655172,1,1,29,0.0,1,0,0,0,0,1,0,0,3.3333333333333335,1.0248500986055653,0.07692680391234645,4.485213113441705
T00294,D20,V20,2026-08-01,44,21.19,24.3,39.4,0.5,8.79453991671668,38.9,1,0,0.22727272727272727,9.120930232558138,0,0,44,0.0,1,0,0,0,0,1,0,0,4.545454545454546,1.0150497034646218,0.06313134662378114,5.198915987628585
T00295,D20,V20,2026-08-03,11,6.97,23.6,47.9,13.1,9.674117295885218,34.8,0,1,0.9090909090909091,9.450000000000001,0,0,11,0.0,1,0,0,0,1,0,0,0,9.090909090909092,1.0335850250993854,0.07831855131022905,6.745487893097735
T00296,D20,V20,2026-08-05,30,18.68,26.0,41.5,13.2,7.504852836129036,28.3,0,0,0.0,7.8310344827586205,0,0,30,0.0,1,0,0,0,0,1,0,0,10.0,1.0117271797097893,0.0481665268998657,3.095204675248542
T00297,D20,V20,2026-08-04,23,14.04,28.6,49.9,2.6,10.398308618923913,47.3,0,1,0.4347826086956522,10.44090909090909,0,0,23,0.0,1,0,0,0,0,1,0,0,21.73913043478261,1.0201480315581277,0.07056455950719479,6.614355204282251
T00298,D20,V20,2026-08-06,24,8.45,22.3,33.6,0.0,9.81261296436407,33.6,1,1,0.8333333333333334,12.243478260869564,1,1,23,0.0,0,0,0,0,0,0,0,0,0.0,1.0285004310512915,0.08419483611537376,5.459586765398778
T00299,D20,V20,2026-08-02,32,12.68,24.2,44.1,1.9,9.899103902097206,42.2,1,1,0.625,9.887096774193548,0,0,32,0.0,0,0,0,0,0,0,0,0,3.125,1.0413032561386573,0.10830034702845005,5.010389538199353
T00300,D20,V20,2026-08-04,43,24.19,23.5,37.3,1.6,8.600917435419143,35.699999999999996,1,0,0.23255813953488372,9.788095238095238,0,0,43,0.0,1,0,0,0,0,1,0,0,0.0,1.016066200535116,0.05963828939366985,4.395373374020356
T00301,D21,V21,2026-07-31,41,18.17,27.5,48.1,0.3,10.668266140241553,47.800000000000004,3,1,0.9756097560975611,11.1875,0,0,41,0.0,0,0,0,0,0,0,0,0,17.073170731707318,1.015353161804329,0.05251052974690678,5.574400765222503
T00302,D21,V23,2026-08-01,32,15.77,21.1,44.3,1.4,10.503670633364012,42.9,1,3,1.25,13.706451612903226,0,0,32,0.0,1,0,0,1,0,1,0,0,3.125,1.0322773934447023,0.11359424898214782,4.388052086550346
T00303,D21,V21,2026-08-04,31,13.29,31.1,50.6,1.6,13.088795996773776,49.0,4,1,1.6129032258064515,12.56,0,0,31,0.0,0,0,0,0,0,0,0,0,32.25806451612903,0.9953158900887804,0.04620629359735173,4.290789752890718
T00304,D21,V21,2026-08-03,45,16.69,24.8,46.5,1.4,9.155614825247008,45.1,1,2,0.6666666666666666,9.929545454545455,0,0,45,0.0,1,1,0,0,0,0,0,0,6.666666666666667,1.0181816833380386,0.06165127130800752,6.096548050517556
T00305,D21,V21,2026-08-05,13,5.13,20.9,31.0,2.7,8.03641551681932,28.3,0,0,0.0,8.491666666666665,0,0,13,0.0,0,0,0,0,0,0,0,0,0.0,1.012704922885862,0.03038312184369055,2.6168813127560075
T00306,D21,V21,2026-07-31,33,11.58,30.8,46.8,1.3,8.871306316297266,45.5,2,0,0.6060606060606061,9.421875,0,0,33,0.0,1,0,0,0,0,1,0,0,18.181818181818183,1.0218605511134133,0.05646305888042781,6.705344652631366
T00307,D21,V29,2026-08-03,38,9.46,18.0,31.6,2.5,9.09488781419396,29.1,0,0,0.0,10.17027027027027,0,0,38,0.0,1,1,0,1,0,0,0,0,0.0,1.0365467485335949,0.12755219895637285,4.481108437790074
T00308,D21,V21,2026-08-05,39,19.68,27.8,45.0,1.7,8.938531279270622,43.3,2,0,0.5128205128205129,10.436842105263159,0,0,39,0.0,0,0,0,0,0,0,0,0,10.256410256410255,1.0088177374987632,0.04708394737263124,4.320566999730758
T00309,D21,V21,2026-08-04,33,13.11,20.2,35.8,0.3,10.109916748750539,35.5,3,0,0.9090909090909092,9.259375,0,0,33,0.0,0,0,0,0,0,0,0,0,0.0,1.019433245379468,0.05242653225521513,4.187025423958719
T00310,D21,V21,2026-08-02,26,8.85,25.4,38.4,8.5,7.911690473839719,29.9,0,0,0.0,7.836,0,0,26,0.0,0,0,0,0,0,0,0,0,7.6923076923076925,1.013044953521651,0.04597476514446406,4.920856545668071
T00311,D21,V21,2026-07-31,37,11.33,26.1,59.5,6.3,9.426610790257069,53.2,1,2,0.8108108108108107,10.113888888888889,0,0,37,0.0,1,0,0,0,0,1,0,0,5.405405405405405,1.013545037865225,0.048695448137387944,4.579615582517747
T00312,D21,V21,2026-08-05,34,21.52,19.3,37.7,1.2,10.09235295831919,36.5,0,0,0.0,10.921212121212122,0,0,34,0.0,1,0,0,0,0,1,0,0,2.941176470588235,1.032904200287677,0.10078871433854017,7.079041146254624
T00313,D21,V21,2026-08-06,24,14.88,24.2,39.9,1.1,9.546317295849926,38.8,1,1,0.8333333333333334,10.07391304347826,0,0,24,0.0,1,0,0,0,0,1,0,0,4.166666666666666,1.0058573245133904,0.032818357367109634,4.318256719083662
T00314,D21,V21,2026-08-06,30,16.1,25.8,43.3,1.5,10.926052383622146,41.8,3,2,1.6666666666666667,11.755172413793103,0,0,30,0.0,1,0,0,0,0,1,0,0,20.0,0.9954125522067355,0.034960335790123,2.8591468135209963
T00315,D21,V21,2026-08-06,16,6.23,29.4,44.5,3.9,11.308403954581744,40.6,1,2,1.875,13.9,0,0,16,0.0,0,0,0,0,0,0,0,0,25.0,1.0274884345724953,0.04867255839875778,2.8339339068843112
T00316,D22,V22,2026-08-03,10,4.6,26.1,37.5,1.9,12.794569160389887,35.6,1,1,2.0,9.144444444444444,0,0,10,0.0,0,0,0,0,0,0,0,0,10.0,0.9957875214679761,0.03105393316768886,3.078873084258597
T00317,D22,V22,2026-08-05,28,12.59,20.0,27.6,3.5,6.256808989425738,24.1,0,0,0.0,5.92962962962963,0,0,28,0.0,1,0,0,0,0,1,0,0,0.0,1.0082702127289487,0.04718638671331232,5.094673357673922
T00318,D22,V22,2026-08-06,43,14.81,17.6,31.3,0.2,6.846971507618175,31.1,1,0,0.23255813953488372,7.4523809523809526,0,0,43,0.0,0,0,0,0,0,0,0,0,0.0,1.0060379825211268,0.039230952966376714,3.2223166103795844
T00319,D22,V22,2026-08-05,38,17.88,20.3,30.6,1.1,6.752366425712095,29.5,0,0,0.0,6.448648648648648,0,0,38,0.0,1,0,0,0,0,1,0,0,0.0,1.0094354717654974,0.05929839270862386,3.957717102434071
T00320,D22,V22,2026-07-31,45,15.92,25.0,33.5,4.8,5.047604692456922,28.7,0,0,0.0,4.234090909090909,0,0,45,0.0,0,0,0,0,0,0,0,0,0.0,1.0032761929328708,0.0505631089098312,3.3677857119599612
T00321,D22,V22,2026-08-06,41,26.67,28.9,42.8,0.0,9.70215842216465,42.8,3,2,1.2195121951219514,10.02,1,1,40,0.0,1,1,1,0,0,1,0,0,9.75609756097561,1.0227107138832618,0.08865151211963866,4.436277578221174
T00322,D22,V22,2026-08-03,43,10.42,18.8,27.3,0.8,6.86124865544526,26.5,0,0,0.0,7.316666666666667,0,0,43,0.0,1,0,0,0,0,1,0,0,0.0,1.0054799365715716,0.053701595599512236,3.6574882543132627
T00323,D22,V22,2026-08-02,15,8.79,28.1,35.6,3.2,10.08073598975978,32.4,1,0,0.6666666666666666,6.378571428571429,0,0,15,0.0,0,0,0,0,0,0,0,0,0.0,1.0066295118116528,0.03034020110996078,3.7229407195775943
T00324,D22,V22,2026-08-02,39,16.51,17.0,24.2,4.1,5.424674968651999,20.1,0,0,0.0,6.002631578947369,0,0,39,0.0,1,0,0,0,0,1,0,0,0.0,1.0422111090720554,0.15811339709417252,3.8178399298906855
T00325,D22,V22,2026-08-06,44,20.74,24.0,33.8,0.7,6.9935790545001595,33.099999999999994,1,1,0.45454545454545453,6.102325581395348,0,0,44,0.0,1,0,0,0,0,1,0,0,0.0,1.0072533566909485,0.040890869832108954,3.7374678428420514
T00326,D22,V22,2026-08-03,16,5.74,28.0,39.4,6.8,7.153620878035589,32.6,0,1,0.625,7.786666666666667,0,0,16,0.0,0,0,0,0,0,0,0,0,6.25,1.0067294253416388,0.027748665338109817,3.6600650737161926
T00327,D22,V22,2026-08-01,36,20.38,23.0,32.4,2.0,6.492007295910776,30.4,0,1,0.2777777777777778,6.611428571428571,0,0,36,0.0,1,0,0,0,0,1,0,0,0.0,0.9982582180808739,0.03564390600046238,4.311716376350848
T00328,D22,V22,2026-08-06,13,6.7,24.3,32.2,18.9,3.892596523184454,13.300000000000004,0,0,0.0,5.208333333333334,0,0,13,0.0,1,0,0,0,1,0,0,0,0.0,1.014072038121274,0.05276024348199513,7.21645847638239
T00329,D22,V22,2026-08-04,35,18.3,25.8,36.7,0.4,11.172144231197924,36.300000000000004,0,3,0.8571428571428571,9.5,0,0,35,0.0,1,0,0,0,0,1,0,0,0.0,1.0096400791946634,0.037260161240527535,3.2073810404232437
T00330,D22,V22,2026-08-06,12,4.14,15.0,26.4,0.0,8.106282636438122,26.4,0,0,0.0,6.954545454545454,1,1,11,0.0,1,1,1,0,0,0,0,0,0.0,1.0104699954895429,0.038847789903626036,3.652486248974993
T00331,D23,V23,2026-08-02,45,22.43,25.8,69.8,0.0,16.64270246848586,69.8,7,8,3.3333333333333335,18.672727272727272,1,2,43,2.2222222222222223,1,0,0,0,0,1,0,1,26.666666666666668,1.0477489757131822,0.07991156690921555,5.250735104538546
T00332,D23,V23,2026-08-04,10,6.07,31.5,52.8,14.0,14.457604688652038,38.8,1,2,3.0,17.366666666666667,0,0,10,0.0,1,0,0,0,1,0,0,0,40.0,1.026414558789622,0.08927705630791208,3.3067423600235086
T00333,D23,V23,2026-08-03,28,12.93,34.7,55.8,1.2,15.231575738278016,54.599999999999994,2,1,1.0714285714285714,14.955555555555556,0,0,28,3.571428571428571,1,0,0,0,0,1,0,1,42.857142857142854,1.039589698960194,0.10008555948007833,3.445675928586515
T00334,D23,V23,2026-08-06,14,9.14,29.9,70.2,1.8,16.618796454749532,68.4,2,1,2.142857142857143,16.292307692307695,0,0,14,14.285714285714285,1,0,0,0,0,0,0,1,28.57142857142857,1.0512432842009554,0.07256233602032927,5.368861564984555
T00335,D23,V23,2026-08-06,40,7.55,21.2,69.8,0.0,17.18783838827729,69.8,7,7,3.5,20.392307692307693,4,4,36,5.0,1,0,0,0,0,1,0,1,15.0,1.0380931901611106,0.11838476401072488,5.204405981060225
T00336,D23,V23,2026-07-31,36,11.27,22.6,54.5,0.0,14.94566109994087,54.5,6,3,2.5,18.14857142857143,2,2,34,2.7777777777777777,1,0,0,0,0,0,0,1,22.22222222222222,1.0406376090349287,0.12920440061439775,3.2529136037145605
T00337,D23,V23,2026-08-01,36,15.19,26.6,59.8,2.1,14.719423243963082,57.699999999999996,4,4,2.2222222222222223,18.24,0,0,36,5.555555555555555,1,0,0,0,0,0,0,1,11.11111111111111,1.0315726681398512,0.09330669743008481,6.678856020532332
T00338,D23,V23,2026-08-05,44,27.07,24.7,62.8,3.3,14.881588295282022,59.5,5,4,2.0454545454545454,17.090697674418603,0,0,44,4.545454545454546,1,0,0,0,1,1,0,1,15.909090909090908,1.0332029220141352,0.08971178209727033,4.052532578612321
T00339,D23,V23,2026-08-06,44,19.97,20.4,58.4,0.0,14.901037004366403,58.4,5,5,2.2727272727272725,16.460465116279067,4,4,40,2.272727272727273,1,0,0,0,0,1,0,1,15.909090909090908,1.042100879495609,0.09468728285685829,4.702600949931309
T00340,D23,V23,2026-08-01,40,12.15,20.3,59.8,0.0,14.309830761062704,59.8,5,6,2.75,18.0,1,1,39,0.0,0,0,0,0,0,0,0,0,12.5,1.0314404517513553,0.1206865806954487,7.313164960595083
T00341,D23,V23,2026-07-31,27,12.13,21.0,44.7,0.0,12.855807826495964,44.7,0,1,0.37037037037037035,10.526923076923076,1,1,26,0.0,0,0,0,0,0,0,0,0,7.4074074074074066,1.0434641133554794,0.1194019378402382,7.189357258593757
T00342,D23,V23,2026-08-04,23,12.35,29.3,50.2,0.0,15.415595768097173,50.2,2,2,1.7391304347826089,15.6,1,1,22,0.0,0,0,0,0,0,0,0,0,30.434782608695656,1.0414482959989717,0.16190068160607732,5.408240569237911
T00343,D23,V23,2026-08-04,25,11.03,20.8,56.8,0.0,15.26064328045621,56.8,3,5,3.2,19.2625,2,2,23,4.0,1,0,0,0,0,0,0,1,16.0,1.0243046318802833,0.07696766845969828,6.678979142490716
T00344,D23,V23,2026-07-31,10,6.11,18.0,39.6,2.7,12.696548087308352,36.9,1,0,1.0,12.8,0,0,10,0.0,1,0,0,0,0,1,0,0,10.0,1.0081837612395392,0.040439303940811334,5.358951089515382
T00345,D23,V23,2026-08-04,35,12.4,24.0,60.7,0.0,13.464815650583624,60.7,3,1,1.1428571428571428,11.744117647058824,1,1,34,0.0,0,0,0,0,0,0,0,0,11.428571428571429,1.0262422977063477,0.09296680684426864,8.388631760150108
T00346,D24,V24,2026-08-04,22,15.36,19.5,62.5,1.7,14.454427563569448,60.8,2,2,1.8181818181818181,15.928571428571429,0,0,22,0.0,1,1,1,0,0,1,0,0,4.545454545454546,1.0191867168337119,0.0884303861409588,4.777801978870823
T00347,D24,V24,2026-08-04,38,15.03,26.5,67.0,0.0,16.33378193904989,67.0,5,5,2.6315789473684212,19.72972972972973,1,1,37,2.631578947368421,1,0,0,0,0,0,0,1,21.052631578947366,1.0141955633410022,0.07290694798355182,5.7858590841280195
T00348,D24,V24,2026-08-01,22,14.27,22.8,47.1,0.0,14.662323983214414,47.1,2,3,2.2727272727272725,18.961904761904762,2,2,20,0.0,1,0,0,0,0,1,0,0,18.181818181818183,1.0164869352701913,0.07648897503820673,5.168498974646439
T00349,D24,V24,2026-08-04,29,16.9,28.9,56.2,0.0,16.397744047649258,56.2,4,3,2.413793103448276,16.92142857142857,2,2,27,0.0,0,0,0,0,0,0,0,0,27.586206896551722,1.0342565720881967,0.12423335612565414,4.696566877812874
T00350,D24,V24,2026-08-06,42,21.2,27.6,68.5,0.0,16.5808624624897,68.5,4,4,1.9047619047619047,15.797560975609757,1,1,41,2.380952380952381,1,0,0,0,0,0,0,1,23.809523809523807,1.0398872622316986,0.1147916710698153,5.745693646097789
T00351,D24,V24,2026-07-31,45,32.19,24.7,54.2,1.5,15.846149517957178,52.7,8,5,2.888888888888889,19.552272727272726,0,0,45,0.0,1,0,0,0,1,1,0,0,24.444444444444443,1.0511915855570355,0.11544265306299879,4.334388796304191
T00352,D24,V24,2026-08-02,23,9.59,29.1,56.1,2.1,14.400109793169495,54.0,4,4,3.4782608695652177,17.836363636363636,0,0,23,0.0,0,0,0,0,0,0,0,0,34.78260869565217,1.058903774393866,0.09496657814289612,4.726974204770226
T00353,D24,V24,2026-08-01,12,7.4,28.4,41.2,15.2,7.397706442273891,26.000000000000004,0,0,0.0,5.781818181818182,0,0,12,0.0,1,1,1,0,0,0,0,0,16.666666666666664,1.0175755067210241,0.03769139937754216,6.2265794829491545
T00354,D24,V23,2026-08-01,44,13.82,25.0,45.2,0.8,10.047289874719375,44.400000000000006,1,2,0.6818181818181818,12.78372093023256,0,0,44,0.0,1,0,0,1,0,1,0,0,6.8181818181818175,1.0667853736593078,0.1507131518503852,7.562576505248867
T00355,D24,V24,2026-07-31,42,7.91,22.1,49.4,0.0,14.543881495884042,49.4,4,10,3.333333333333333,18.74878048780488,3,3,39,0.0,1,0,0,0,0,1,0,0,19.047619047619047,1.0170219546636934,0.07519088501220869,4.5989784547127
T00356,D24,V24,2026-08-04,40,20.1,28.7,57.7,0.0,16.3482452206612,57.7,6,4,2.5,18.164102564102564,2,2,38,0.0,1,1,1,0,0,0,0,0,30.0,1.0548385678212227,0.14852970293244966,5.508924057695438
T00357,D24,V24,2026-08-02,30,10.5,35.7,69.3,1.9,16.83868049817266,67.39999999999999,6,4,3.3333333333333335,21.137931034482758,0,0,30,3.3333333333333335,1,0,0,0,0,1,0,1,56.666666666666664,1.015890755980871,0.05737239435250192,4.857271384133712
T00358,D24,V24,2026-08-05,26,12.02,25.5,50.8,0.8,14.404136692150413,50.0,2,2,1.5384615384615383,14.155999999999999,0,0,26,0.0,0,0,0,0,0,0,0,0,19.230769230769234,1.0320145815682493,0.06303982525143474,5.383824343402441
T00359,D24,V24,2026-08-01,29,13.09,29.6,57.4,2.4,14.436410590549032,55.0,4,4,2.7586206896551726,18.992857142857144,0,0,29,0.0,1,1,1,0,0,0,0,0,34.48275862068966,1.0206015351252031,0.09244026806968854,4.764015229922811
T00360,D24,V24,2026-08-04,16,4.84,25.5,46.1,0.0,13.807576422626335,46.1,1,2,1.875,16.04,1,1,15,0.0,0,0,0,0,0,0,0,0,18.75,1.0202873442465314,0.048622877143551894,8.105068986556432
T00361,D25,V25,2026-08-01,25,11.0,24.9,37.2,2.7,9.430337569072842,34.5,0,2,0.8,8.975,0,0,25,0.0,0,0,0,0,0,0,0,0,0.0,1.0042572506976697,0.04565055701054185,5.579581036579083
T00362,D25,V25,2026-08-04,11,5.74,30.3,46.1,16.8,8.540151158977329,29.3,1,0,0.9090909090909091,11.22,0,0,11,0.0,0,0,0,0,0,0,0,0,18.181818181818183,1.0374189819551005,0.05480731216879233,3.685287555286577
T00363,D25,V25,2026-07-31,23,13.81,17.3,39.1,0.9,9.514719198322403,38.2,0,1,0.4347826086956522,10.204545454545455,0,0,23,0.0,1,0,0,0,0,1,0,0,4.3478260869565215,1.0129383059361547,0.05531469163935102,3.1263254710124717
T00364,D25,V25,2026-08-04,26,18.51,19.6,39.9,0.0,9.911265540554577,39.9,0,1,0.3846153846153846,10.068,1,2,24,0.0,1,0,0,0,0,1,0,0,3.8461538461538463,1.0609639825211548,0.11396650781946847,5.436793651001685
T00365,D25,V25,2026-08-01,42,24.82,29.8,51.1,0.0,12.752890405903841,51.1,4,4,1.9047619047619047,13.600000000000001,1,1,41,0.0,1,0,0,0,0,1,0,0,23.809523809523807,1.0393352472624646,0.10738854000613166,4.913694186320077
T00366,D25,V25,2026-08-06,32,9.26,30.7,49.0,3.0,12.773056319531968,46.0,3,3,1.875,12.54516129032258,0,0,32,0.0,1,0,0,0,0,1,0,0,40.625,1.031817874100521,0.10995526802703344,5.828458766327685
T00367,D25,V25,2026-08-04,36,17.45,26.6,45.1,0.0,9.292654122204306,45.1,3,0,0.8333333333333333,9.357142857142858,1,1,35,0.0,0,0,0,0,0,0,0,0,11.11111111111111,1.025525479571059,0.05497731142929549,4.797059530735774
T00368,D25,V25,2026-07-31,43,23.73,23.0,42.7,0.4,9.725955387256612,42.300000000000004,0,1,0.23255813953488372,8.904761904761905,0,0,43,0.0,1,0,0,0,0,1,0,0,6.976744186046512,1.0217458873943146,0.054683654842364024,6.787799202481495
T00369,D25,V25,2026-08-06,32,18.87,16.1,33.1,0.4,8.50449596465912,32.7,0,0,0.0,9.480645161290322,0,0,32,0.0,1,0,0,0,0,1,0,0,0.0,1.0292116743045023,0.07927952654604864,2.8067415215513742
T00370,D25,V25,2026-08-03,13,7.51,20.2,33.4,9.0,8.040004145935912,24.4,0,0,0.0,11.875,0,0,13,0.0,1,0,0,0,1,1,0,0,0.0,1.0856065205549519,0.18814672308055705,6.2505723808045035
T00371,D25,V25,2026-07-31,18,9.05,27.4,44.1,3.3,9.075293257653898,40.800000000000004,0,0,0.0,9.411764705882353,0,0,18,0.0,0,0,0,0,0,0,0,0,11.11111111111111,1.0664765118260775,0.2379602407495693,10.036501801340153
T00372,D25,V25,2026-08-03,45,13.56,27.2,46.1,0.5,9.695543076875868,45.6,3,0,0.6666666666666666,11.181818181818182,0,0,45,0.0,1,0,0,0,0,1,0,0,11.11111111111111,1.0206846038533097,0.05969358796777939,4.606022760064135
T00373,D25,V25,2026-08-03,21,10.0,16.0,38.2,0.5,9.854827195218547,37.7,0,1,0.47619047619047616,11.925,0,0,21,0.0,1,0,0,0,0,1,0,0,4.761904761904762,1.0157541102063714,0.1199463087335577,5.648196009875689
T00374,D25,V25,2026-08-04,41,12.55,24.4,43.0,0.0,10.772583199051553,43.0,2,3,1.2195121951219514,11.095,1,1,40,0.0,1,0,0,0,0,1,0,0,9.75609756097561,1.015018820480361,0.08187208878746785,4.77721982965663
T00375,D25,V25,2026-08-01,31,10.74,14.4,31.8,0.3,7.881871127664946,31.5,0,1,0.3225806451612903,8.456666666666667,0,0,31,0.0,1,0,0,0,0,1,0,0,0.0,1.0402629749103458,0.13615680102379457,4.429075176893931
T00376,D26,V26,2026-08-02,19,11.35,31.1,42.3,0.7,10.843832968572151,41.599999999999994,2,2,2.1052631578947367,12.333333333333334,0,0,19,0.0,0,0,0,0,0,0,0,0,31.57894736842105,1.0038991070196814,0.05289931504315795,2.921826480788177
T00377,D26,V26,2026-08-04,38,15.33,18.4,25.6,0.8,6.478068921824103,24.8,0,0,0.0,6.756756756756757,0,0,38,0.0,1,0,0,0,0,1,0,0,0.0,1.0212755123874848,0.048975850726395334,5.4890164826887435
T00378,D26,V21,2026-08-01,29,20.4,31.1,41.0,2.5,9.868981610559251,38.5,3,3,2.0689655172413794,10.55,0,0,29,0.0,1,0,0,1,0,1,0,0,20.689655172413794,0.9944122315892389,0.0281006458400515,4.27725818456089
T00379,D26,V26,2026-08-06,17,9.24,30.0,39.5,3.7,7.7825974795958555,35.8,1,1,1.1764705882352942,7.69375,0,0,17,0.0,0,0,0,0,0,0,0,0,5.88235294117647,1.0237563677042252,0.08488937394701965,5.263820215122077
T00380,D26,V26,2026-07-31,34,19.69,33.9,43.3,2.4,7.220455814883716,40.9,1,1,0.5882352941176471,7.396969696969697,0,0,34,0.0,0,0,0,0,0,0,0,0,38.23529411764706,1.0037922059438196,0.0447606590450854,4.457176113203195
T00381,D26,V03,2026-08-02,26,13.07,19.4,30.1,1.4,7.161452366664182,28.700000000000003,0,1,0.3846153846153846,5.76,0,0,26,0.0,1,0,0,1,0,1,0,0,0.0,1.0052655318565549,0.04879199606087156,3.092408728296149
T00382,D26,V26,2026-08-06,26,10.95,24.9,39.1,0.9,12.512929928063027,38.2,6,5,4.230769230769231,15.976,0,0,26,0.0,0,0,0,0,0,0,0,0,7.6923076923076925,1.0510221806782731,0.16161148087675864,4.44644263815801
T00383,D26,V26,2026-08-05,45,16.44,18.1,28.7,2.2,5.634491543120368,26.5,0,0,0.0,6.306818181818182,0,0,45,0.0,0,0,0,0,0,0,0,0,0.0,1.0378323099121909,0.1599805629248211,4.13575941790627
T00384,D26,V26,2026-08-04,10,4.47,21.4,24.0,16.5,2.6021572247314766,7.5,0,0,0.0,2.9888888888888885,0,0,10,0.0,0,0,0,0,0,0,0,0,0.0,1.0254114120711988,0.046424801730568725,2.2639558053109416
T00385,D26,V26,2026-08-02,30,18.3,20.8,34.1,2.8,7.267838933178189,31.3,0,0,0.0,8.272413793103448,0,0,30,0.0,1,0,0,0,0,1,0,0,0.0,1.0337226633244845,0.12442026388345716,3.2971624720932224
T00386,D26,V26,2026-07-31,42,21.24,18.9,31.1,0.6,7.146042495321989,30.5,1,0,0.23809523809523808,7.375609756097562,0,0,42,0.0,1,0,0,0,0,1,0,0,0.0,1.0099921567909265,0.06138769545297871,3.1734741776318125
T00387,D26,V26,2026-08-04,18,7.1,28.1,38.5,4.4,8.973220871596638,34.1,1,1,1.1111111111111112,9.458823529411765,0,0,18,0.0,0,0,0,0,0,0,0,0,5.555555555555555,1.0158899640250312,0.056945514659899235,4.815742460883161
T00388,D26,V26,2026-08-05,32,18.94,23.6,35.4,2.6,7.7930050313954515,32.8,1,1,0.625,7.83225806451613,0,0,32,0.0,1,0,0,0,0,1,0,0,0.0,1.0048189293348482,0.04788676698205951,3.50032227606884
T00389,D26,V26,2026-08-03,14,6.6,25.6,35.2,4.7,7.355438296082195,30.500000000000004,0,0,0.0,7.838461538461539,0,0,14,0.0,0,0,0,0,0,0,0,0,0.0,1.0104205379729587,0.04420294994864912,2.5748454908952403
T00390,D26,V26,2026-08-06,39,16.56,27.2,36.9,1.8,8.924061849406792,35.1,2,1,0.7692307692307693,8.75263157894737,0,0,39,0.0,0,0,0,0,0,0,0,0,0.0,0.9979847885064961,0.04972876814230292,4.033448504592197
T00391,D27,V27,2026-08-02,23,12.3,23.9,47.3,0.0,12.688695912211356,47.3,2,0,0.8695652173913044,15.0,1,1,22,0.0,1,0,0,0,0,1,0,0,17.391304347826086,1.0124100277999435,0.04267345301701524,5.129277512286935
T00392,D27,V27,2026-08-03,13,9.89,27.4,43.3,5.7,10.93294245705294,37.599999999999994,1,0,0.7692307692307692,11.241666666666665,0,0,13,0.0,1,0,0,0,0,1,0,0,15.384615384615385,1.0093521044052873,0.043237022449937525,2.995941157766219
T00393,D27,V27,2026-08-05,45,18.97,22.1,33.8,1.6,7.663716164795345,32.199999999999996,0,1,0.2222222222222222,9.431818181818182,0,0,45,0.0,0,0,0,0,0,0,0,0,0.0,1.0060141156312987,0.054695222031630034,3.000577694358535
T00394,D27,V27,2026-08-03,35,21.17,27.5,39.1,2.2,9.581409696109747,36.9,1,2,0.8571428571428571,11.397058823529411,0,0,35,0.0,1,0,0,0,0,1,0,0,11.428571428571429,1.032366349029333,0.0821374831527236,5.38668955252929
T00395,D27,V27,2026-08-03,18,9.8,20.5,42.3,2.9,10.213359506954637,39.4,0,0,0.0,11.829411764705881,0,0,18,0.0,1,0,0,0,0,1,0,0,5.555555555555555,1.009467578096337,0.0469065139723703,3.661045677538441
T00396,D27,V27,2026-08-01,19,7.9,17.6,32.0,2.1,10.395576544661024,29.9,0,1,0.5263157894736842,13.105555555555556,0,0,19,0.0,0,0,0,0,0,0,0,0,0.0,1.012400839164358,0.04649508715192433,7.230351537984023
T00397,D27,V27,2026-08-05,14,8.74,18.8,30.2,0.0,8.567893043729667,30.2,1,0,0.7142857142857143,11.630769230769232,1,1,13,0.0,1,0,0,0,0,1,0,0,0.0,1.0504717576513751,0.19151726358730936,6.25457470243083
T00398,D27,V27,2026-08-06,36,14.8,29.8,51.3,0.0,11.939741229814013,51.3,3,2,1.3888888888888888,14.285714285714286,1,1,35,2.7777777777777777,1,0,0,0,0,1,0,1,19.444444444444446,1.0077350114526589,0.03882424902422731,4.012235458352802
T00399,D27,V27,2026-07-31,11,6.0,24.8,45.7,15.8,9.241753080449618,29.900000000000002,1,0,0.9090909090909091,11.59,0,0,11,0.0,0,0,0,0,0,0,0,0,9.090909090909092,1.008478237607819,0.04489775828000683,3.0067221373052493
T00400,D27,V27,2026-07-31,15,7.65,24.5,37.0,0.4,9.140621006307635,36.6,1,0,0.6666666666666666,10.228571428571428,0,0,15,0.0,0,0,0,0,0,0,0,0,0.0,0.9997262010390852,0.030435933109425533,5.993846183764054
T00401,D27,V27,2026-08-06,30,12.18,21.7,42.7,0.7,9.41728906497689,42.0,0,1,0.3333333333333333,10.720689655172414,0,0,30,0.0,0,0,0,0,0,0,0,0,3.3333333333333335,1.009330109290783,0.03323838369637731,4.565803115896786
T00402,D27,V27,2026-08-01,29,12.4,21.0,40.1,2.1,10.57118492596342,38.0,2,2,1.3793103448275863,12.314285714285715,0,0,29,0.0,0,0,0,0,0,0,0,0,10.344827586206897,1.0248963857302429,0.056028231721498685,4.737283077970743
T00403,D27,V27,2026-07-31,33,11.2,22.5,40.0,0.3,9.933141077557828,39.7,2,1,0.9090909090909092,10.950000000000001,0,0,33,0.0,0,0,0,0,0,0,0,0,6.0606060606060606,1.033828949220215,0.10247426870461436,6.024253810622238
T00404,D27,V27,2026-08-05,29,8.97,19.6,35.0,1.7,7.761954073201075,33.3,0,0,0.0,8.753571428571428,0,0,29,0.0,0,0,0,0,0,0,0,0,0.0,1.0307381360039125,0.12023012972572532,6.716996197894594
T00405,D27,V27,2026-08-06,16,7.91,22.7,38.3,5.7,9.049125187921021,32.599999999999994,0,1,0.625,10.786666666666665,0,0,16,0.0,0,0,0,0,0,0,0,0,6.25,1.032210254966337,0.05999212874884575,3.403825832767504
T00406,D28,V28,2026-08-05,11,8.66,16.7,25.6,1.9,7.510937479315204,23.700000000000003,0,0,0.0,8.67,0,0,11,0.0,1,0,0,0,1,1,0,0,0.0,1.1149570515458949,0.24749212215521754,14.518872939306005
T00407,D28,V28,2026-08-01,18,8.96,17.1,25.1,1.3,6.820432585517929,23.8,0,0,0.0,8.994117647058824,0,0,18,0.0,1,1,1,0,0,1,0,0,0.0,1.0057368285353836,0.058074379841003464,3.105992536804528
T00408,D28,V28,2026-08-04,17,10.35,27.3,36.0,1.4,7.479471906491794,34.6,1,0,0.5882352941176471,6.6625000000000005,0,0,17,0.0,1,1,1,0,0,0,0,0,0.0,1.0083979055469214,0.03902186046459407,3.329626931235833
T00409,D28,V28,2026-08-04,31,12.2,23.2,34.8,0.0,5.855549706525545,34.8,0,1,0.3225806451612903,6.123333333333333,1,1,30,0.0,0,0,0,0,0,0,0,0,0.0,1.0050716869412035,0.04968635875303592,2.997199143816504
T00410,D28,V28,2026-08-05,27,11.1,25.1,32.7,0.2,7.249475862771066,32.5,1,1,0.7407407407407407,7.115384615384615,0,0,27,0.0,0,0,0,0,0,0,0,0,0.0,0.9992698545580112,0.03703296859322826,3.018470397396464
T00411,D28,V28,2026-07-31,33,24.8,17.3,25.7,0.0,5.055717959984426,25.7,1,0,0.30303030303030304,5.109375,1,1,32,0.0,1,0,0,0,1,1,0,0,0.0,1.0186489140307822,0.0787400525758985,4.9678545606673365
T00412,D28,V28,2026-08-06,22,13.24,16.7,26.2,0.0,6.478163453603322,26.2,0,0,0.0,7.7523809523809515,1,1,21,0.0,1,0,0,0,0,1,0,0,0.0,1.036733127324195,0.06808898225294396,3.130909308974841
T00413,D28,V28,2026-08-04,31,19.8,25.7,42.1,0.2,12.549939810505542,41.9,3,4,2.258064516129032,11.96,0,0,31,0.0,1,0,0,0,0,1,0,0,6.451612903225806,1.0140977906000264,0.058918249607540496,4.002062505123745
T00414,D28,V28,2026-08-02,24,11.09,18.0,27.7,0.0,7.640694823856292,27.7,0,0,0.0,5.708695652173914,1,1,23,0.0,1,0,0,0,0,1,0,0,0.0,1.0221136607028494,0.05319077662400622,5.072317889159305
T00415,D28,V28,2026-08-03,41,14.43,26.9,39.6,4.4,6.366034106404272,35.2,0,0,0.0,6.3925,0,0,41,0.0,1,0,0,0,0,1,0,0,4.878048780487805,1.0139516289758679,0.08761633095270134,4.467424281592432
T00416,D28,V28,2026-08-03,39,19.51,19.6,27.1,3.9,4.723560552326812,23.200000000000003,0,0,0.0,5.444736842105263,0,0,39,0.0,1,0,0,0,0,1,0,0,0.0,1.0310283013478347,0.08279318414804651,3.90045528122546
T00417,D28,V28,2026-08-04,27,15.05,20.7,28.2,3.2,4.645510653390995,25.0,0,0,0.0,4.153846153846154,0,0,27,0.0,1,0,0,0,0,1,0,0,0.0,1.0030058124929047,0.051426266428103384,4.101585834407651
T00418,D28,V28,2026-08-01,26,16.94,31.9,40.6,3.0,7.330393000273693,37.6,0,1,0.3846153846153846,6.371999999999999,0,0,26,0.0,1,1,1,0,0,1,0,0,19.230769230769234,1.0101918562114796,0.04571947276342666,3.449249927187911
T00419,D28,V28,2026-08-02,21,10.49,21.0,28.1,15.6,3.8253726864811735,12.500000000000002,0,0,0.0,4.925,0,0,21,0.0,1,0,0,0,0,1,0,0,0.0,0.9994220382127379,0.048696190933493665,3.2995191762250005
T00420,D28,V28,2026-08-04,32,15.13,22.1,31.8,5.4,5.327007231869231,26.4,0,0,0.0,6.516129032258065,0,0,32,0.0,1,1,1,0,0,1,0,0,0.0,0.9923458599814965,0.04830521700359333,3.3267056553587646
T00421,D29,V29,2026-08-03,33,21.52,26.1,47.0,4.4,6.786058290437249,42.6,1,0,0.30303030303030304,7.115625,0,0,33,0.0,1,0,0,0,0,1,0,0,3.0303030303030303,1.0137053551477668,0.10484183730392772,3.7687608296746262
T00422,D29,V29,2026-07-31,22,16.01,28.7,42.0,5.4,8.584240064745249,36.6,1,0,0.45454545454545453,7.566666666666667,0,0,22,0.0,1,0,0,0,0,1,0,0,9.090909090909092,0.996735474355986,0.026966179459646158,3.385892181329084
T00423,D29,V29,2026-08-06,43,19.83,31.5,40.8,22.3,4.3224708388633335,18.499999999999996,0,0,0.0,4.052380952380953,0,0,43,0.0,1,1,0,0,0,0,0,0,6.976744186046512,1.0002219736007127,0.0355360821428595,3.164563201995075
T00424,D29,V09,2026-08-06,27,16.85,27.2,38.7,2.0,9.405400945816556,36.7,2,2,1.4814814814814814,9.257692307692308,0,0,27,0.0,1,0,0,1,0,1,0,0,7.4074074074074066,0.9987668902534802,0.036637974835699694,3.8633695176632936
T00425,D29,V29,2026-07-31,45,23.09,32.2,42.8,3.2,5.977493985227785,39.599999999999994,1,1,0.4444444444444444,5.6477272727272725,0,0,45,0.0,0,0,0,0,0,0,0,0,11.11111111111111,1.0051742745644223,0.035520960177478425,3.9738702478278203
T00426,D29,V29,2026-08-03,34,21.91,31.0,44.6,1.9,9.600985911940683,42.7,2,2,1.1764705882352942,9.409090909090908,0,0,34,0.0,1,0,0,0,0,1,0,0,17.647058823529413,1.0176139307355725,0.035784367282004334,3.3453037002112644
T00427,D29,V19,2026-08-05,36,18.57,25.2,34.4,1.8,8.692859229695465,32.6,2,1,0.8333333333333333,7.214285714285714,0,0,36,0.0,1,0,0,1,0,1,0,0,0.0,1.0206280402625736,0.11370130335627177,2.762564575737445
T00428,D29,V28,2026-08-04,25,10.07,29.3,44.9,1.6,12.019937603831394,43.3,2,3,2.0,11.179166666666667,0,0,25,0.0,1,0,0,1,0,0,0,0,12.0,1.016873612127465,0.04621436644010193,3.498232570207236
T00429,D29,V29,2026-08-04,13,5.45,27.5,34.6,3.9,7.896713045506778,30.700000000000003,1,0,0.7692307692307692,7.150000000000001,0,0,13,0.0,1,0,0,0,1,0,0,0,0.0,1.022433099149549,0.05577129707178313,6.219260418724692
T00430,D29,V14,2026-08-03,20,8.65,26.4,36.4,4.9,9.202602606700026,31.5,1,1,1.0,9.573684210526316,0,0,20,0.0,1,0,0,1,0,0,0,0,0.0,1.018941269818767,0.03234417966218584,4.6129270252588075
T00431,D29,V23,2026-08-05,22,17.16,31.7,40.0,3.9,7.472784676578795,36.1,1,1,0.9090909090909091,6.757142857142859,0,0,22,0.0,1,0,0,1,0,1,0,0,18.181818181818183,1.0036736054886346,0.03953868521538475,4.699359578982037
T00432,D29,V10,2026-08-05,16,11.87,18.4,28.4,0.5,6.287815598441162,27.9,0,0,0.0,6.406666666666666,0,0,16,0.0,1,0,0,1,0,1,0,0,0.0,0.994402376516058,0.04932586695805594,3.302953283297457
T00433,D29,V29,2026-08-03,39,14.96,19.3,30.3,1.2,7.122813133627204,29.1,0,0,0.0,7.821052631578947,0,0,39,0.0,0,0,0,0,0,0,0,0,0.0,1.0196657007608725,0.061445630434708694,4.007214911978206
T00434,D29,V29,2026-08-01,26,11.06,23.6,29.3,3.6,6.20145516422123,25.7,0,0,0.0,5.9239999999999995,0,0,26,0.0,0,0,0,0,0,0,0,0,0.0,1.0007452099455298,0.04294212106918589,3.2064590158642443
T00435,D29,V02,2026-08-06,41,16.92,17.9,24.3,0.5,5.073310123554058,23.8,0,0,0.0,5.19,0,0,41,0.0,1,1,0,1,0,1,0,0,0.0,1.0475778769107984,0.19297359042687806,3.8262112852131462
T00436,D30,V30,2026-08-01,15,8.08,18.8,27.6,0.5,8.819432008490171,27.1,0,0,0.0,9.549999999999999,0,0,15,0.0,1,0,0,0,0,1,0,0,0.0,1.0114820502992659,0.03206570134215424,6.263755688955354
T00437,D30,V30,2026-08-02,31,16.49,25.2,58.0,0.0,13.641898616008785,58.0,2,3,1.6129032258064515,14.129999999999999,1,1,30,0.0,1,0,0,0,0,1,0,0,12.903225806451612,0.9998779791663904,0.03662368547001348,4.815486513567095
T00438,D30,V30,2026-08-04,43,27.75,19.5,35.7,2.7,8.639773847579582,33.0,2,2,0.9302325581395349,12.138095238095238,0,0,43,0.0,1,0,0,0,0,1,0,0,0.0,1.0243190705861314,0.09570428042415768,5.082994781711771
T00439,D30,V30,2026-07-31,39,15.57,24.0,40.0,0.0,10.508738090194896,40.0,3,1,1.0256410256410258,12.076315789473686,1,1,38,0.0,0,0,0,0,0,0,0,0,12.82051282051282,1.0094194102089216,0.09363446810328674,3.5911398535685524
T00440,D30,V30,2026-08-05,43,17.79,17.8,35.1,0.5,9.124847121703622,34.6,0,2,0.46511627906976744,8.92142857142857,0,0,43,0.0,1,0,0,0,0,1,0,0,0.0,1.005381262185868,0.040252553529968566,4.609371981779334
T00441,D30,V30,2026-08-03,39,16.95,14.3,35.1,1.6,8.157938269876446,33.5,1,0,0.25641025641025644,10.292105263157895,0,0,39,0.0,1,0,0,0,0,1,0,0,0.0,1.0064788917451142,0.037145297353963797,3.2604723705495076
T00442,D30,V30,2026-08-05,41,15.1,27.1,41.6,3.1,8.44570535979028,38.5,2,1,0.7317073170731708,9.045,0,0,41,0.0,1,0,0,0,0,1,0,0,7.317073170731707,1.0140852366014808,0.049281449142571994,6.046017708402506
T00443,D30,V30,2026-08-03,25,15.35,27.0,51.3,0.6,11.414403181945168,50.699999999999996,2,1,1.2,13.808333333333332,0,0,25,0.0,1,1,1,0,0,1,0,0,20.0,1.0035963021839265,0.03210435852337042,3.1303037400239124
T00444,D30,V30,2026-07-31,29,18.85,18.4,40.9,0.0,10.273020526549931,40.9,2,2,1.3793103448275863,13.660714285714286,1,1,28,0.0,1,0,0,0,1,1,0,0,6.896551724137931,1.0119107049806813,0.039614224185762624,3.4181349488547736
T00445,D30,V06,2026-07-31,45,24.13,20.8,40.6,0.1,9.395441082318229,40.5,0,1,0.2222222222222222,9.552272727272728,0,0,45,0.0,1,0,1,1,0,1,0,0,4.444444444444445,1.019091387128196,0.07209235091357537,4.398444196126698
T00446,D30,V30,2026-07-31,29,17.61,28.2,42.0,0.0,9.312107432132978,42.0,2,2,1.3793103448275863,9.975,1,1,28,0.0,1,0,0,0,0,1,0,0,20.689655172413794,1.0172864038650906,0.07683116992697259,4.857727579002006
T00447,D30,V30,2026-08-05,16,6.7,25.7,47.2,0.0,13.93629404349186,47.2,1,2,1.875,17.153333333333332,1,1,15,0.0,0,0,0,0,0,0,0,0,25.0,1.0221008976766623,0.07161614319736105,2.5667652526525675
T00448,D30,V30,2026-08-03,25,9.63,28.8,43.0,15.0,8.139744058220339,28.0,0,0,0.0,8.445833333333333,0,0,25,0.0,1,1,1,0,0,0,0,0,12.0,1.0435243408523724,0.15513297403834111,3.858342542061854
T00449,D30,V30,2026-08-04,32,19.35,18.0,33.6,0.0,8.917896106579281,33.6,1,0,0.3125,9.180645161290322,1,1,31,0.0,1,0,0,0,0,1,0,0,0.0,1.0031624338817011,0.03241375651475476,2.539892286108726
T00450,D30,V09,2026-07-31,22,10.57,21.9,42.5,0.6,13.661023013799143,41.9,3,4,3.1818181818181817,18.41904761904762,0,0,22,0.0,1,0,0,1,0,0,0,0,9.090909090909092,1.0088403569292064,0.0435195375286914,5.672082415084662
