Trip_ID,Driver_ID,Vehicle_ID,Trip_Date,Start_Time,End_Time,Duration_Min,Distance_KM,Avg_Speed_kmph,Max_Speed_kmph,Start_Latitude,Start_Longitude,End_Latitude,End_Longitude,start_ts,end_ts,duration_clock_min,telemetry_row_count,gps_path_km,speed_integral_km,telemetry_avg_speed_kmph,telemetry_max_speed_kmph,flag_overlap_driver,flag_overlap_vehicle,flag_non_primary_vehicle,flag_distance_vs_gps,flag_distance_vs_speed_integral,flag_has_gps_teleport,flag_has_speed_jump
T00001,D01,V01,2026-08-04,11:08:00,11:24:00,16,9.34,28.7,39.4,12.991693,77.559009,13.011179,77.6074,2026-08-04 11:08:00,2026-08-04 11:24:00,16.0,16,7.899814115975767,7.658333333333333,28.71875,39.4,0,0,0,0,0,0,0
T00002,D01,V01,2026-08-02,20:38:00,21:00:00,22,5.0,28.5,54.4,13.00079,77.560607,13.038001,77.563879,2026-08-02 20:38:00,2026-08-02 21:00:00,22.0,22,4.503791080783132,10.466666666666667,28.545454545454547,54.4,0,0,0,0,1,0,0
T00003,D01,V01,2026-07-31,21:11:00,21:38:00,27,7.25,16.9,32.7,12.983049,77.554049,12.949627,77.52124,2026-07-31 21:11:00,2026-07-31 21:38:00,27.0,27,6.453775180696724,7.605,16.900000000000002,32.7,0,0,0,0,0,0,0
T00004,D01,V01,2026-07-31,17:36:00,18:18:00,42,9.27,23.9,40.4,12.974957,77.549494,12.987157,77.479689,2026-07-31 17:36:00,2026-07-31 18:18:00,42.0,42,8.533934363117968,16.735,23.90714285714286,40.4,0,0,0,0,1,0,0
T00005,D01,V01,2026-08-01,17:06:00,17:19:00,13,7.74,28.7,42.5,12.997466,77.547647,12.997395,77.504517,2026-08-01 17:06:00,2026-08-01 17:19:00,13.0,13,6.387752811918192,6.22,28.707692307692305,42.5,0,0,0,0,0,0,0
T00006,D01,V01,2026-08-05,10:35:00,10:54:00,19,11.26,21.7,33.4,12.997977,77.551773,13.068164,77.57159,2026-08-05 10:35:00,2026-08-05 10:54:00,19.0,19,9.491208242575192,6.88,21.726315789473684,33.4,1,1,0,0,1,0,0
T00007,D01,V01,2026-08-03,11:32:00,11:47:00,15,6.2,20.0,38.2,12.992633,77.564429,13.022862,77.538041,2026-08-03 11:32:00,2026-08-03 11:47:00,15.0,15,5.527590782462611,5.008333333333334,20.033333333333335,38.2,0,0,0,0,0,0,0
T00008,D01,V01,2026-08-04,15:03:00,15:44:00,41,14.97,25.3,41.7,12.980346,77.556282,12.921142,77.64436,2026-08-04 15:03:00,2026-08-04 15:44:00,41.0,41,13.523204423427476,17.308333333333334,25.329268292682926,41.7,0,0,0,0,0,0,0
T00009,D01,V01,2026-08-06,12:00:00,12:31:00,31,17.09,23.8,42.3,12.999075,77.541607,13.028601,77.450753,2026-08-06 12:00:00,2026-08-06 12:31:00,31.0,31,15.471800531897738,12.316666666666666,23.838709677419356,42.3,0,0,0,0,1,0,0
T00010,D01,V01,2026-08-05,10:32:00,11:05:00,33,16.27,30.6,47.5,12.996834,77.568587,13.017821,77.682427,2026-08-05 10:32:00,2026-08-05 11:05:00,33.0,33,14.571605081740552,16.851666666666667,30.63939393939394,47.5,1,1,0,0,0,0,0
T00011,D01,V01,2026-08-03,06:16:00,06:57:00,41,23.39,22.8,33.9,13.00117,77.560708,13.161872,77.558504,2026-08-03 06:16:00,2026-08-03 06:57:00,41.0,41,21.371898991029123,15.593333333333334,22.819512195121952,33.9,0,0,0,0,1,0,0
T00012,D01,V01,2026-08-05,12:12:00,12:41:00,29,11.69,32.1,45.8,12.993387,77.568616,13.044252,77.626447,2026-08-05 12:12:00,2026-08-05 12:41:00,29.0,29,10.666148844974863,15.523333333333333,32.11724137931034,45.8,0,0,0,0,1,0,0
T00013,D01,V01,2026-08-01,18:52:00,19:29:00,37,14.92,28.1,47.0,12.996354,77.56434,12.916501,77.634517,2026-08-01 18:52:00,2026-08-01 19:29:00,37.0,37,13.623276427520361,17.301666666666666,28.056756756756755,47.0,0,0,0,0,0,0,0
T00014,D01,V01,2026-08-05,11:27:00,11:51:00,24,16.29,29.5,45.0,12.983048,77.560273,12.893771,77.525901,2026-08-05 11:27:00,2026-08-05 11:51:00,24.0,24,14.367516225329013,11.803333333333335,29.508333333333336,45.0,0,0,0,0,1,0,0
T00015,D01,V01,2026-08-01,07:31:00,08:08:00,37,14.69,19.9,47.2,12.987554,77.54997,12.935055,77.46639,2026-08-01 07:31:00,2026-08-01 08:08:00,37.0,37,12.854349962706634,12.256666666666666,19.875675675675677,47.2,0,0,0,0,0,0,0
T00016,D02,V02,2026-08-02,17:34:00,17:48:00,14,6.21,23.1,44.7,12.911694,77.651834,12.923331,77.685931,2026-08-02 17:34:00,2026-08-02 17:48:00,14.0,14,5.83250839693864,5.388333333333334,23.092857142857145,44.7,1,1,0,0,0,0,0
T00017,D02,V02,2026-08-06,12:34:00,12:59:00,25,9.63,22.8,38.0,12.90325,77.648643,12.867285,77.701946,2026-08-06 12:34:00,2026-08-06 12:59:00,25.0,25,8.559060076520023,9.481666666666666,22.756,38.0,0,0,0,0,0,0,0
T00018,D02,V02,2026-08-06,07:24:00,07:49:00,25,19.0,22.2,33.7,12.925859,77.64112,13.020884,77.699906,2026-08-06 07:24:00,2026-08-06 07:49:00,25.0,25,16.388471716551706,9.236666666666668,22.168000000000003,33.7,0,0,0,0,1,0,0
T00019,D02,V02,2026-08-01,16:47:00,17:07:00,20,6.61,16.9,31.5,12.911947,77.642966,12.913443,77.593752,2026-08-01 16:47:00,2026-08-01 17:07:00,20.0,20,5.8165832349403095,5.628333333333333,16.884999999999998,31.5,1,1,0,0,0,0,0
T00020,D02,V02,2026-08-05,07:47:00,08:30:00,43,9.39,21.7,44.1,12.912162,77.646102,12.911781,77.571979,2026-08-05 07:47:00,2026-08-05 08:30:00,43.0,43,8.875692419113069,15.56,21.711627906976744,44.1,0,0,0,0,1,0,0
T00021,D02,V02,2026-08-01,16:19:00,17:04:00,45,23.92,18.8,36.3,12.923982,77.628617,12.774728,77.67524,2026-08-01 16:19:00,2026-08-01 17:04:00,45.0,45,22.707642082091215,14.088333333333333,18.784444444444443,36.3,1,1,0,0,1,0,0
T00022,D02,V02,2026-08-02,17:16:00,17:57:00,41,11.6,22.3,36.9,12.918688,77.642154,12.895615,77.731756,2026-08-02 17:16:00,2026-08-02 17:57:00,41.0,41,11.001987815223927,15.246666666666666,22.31219512195122,36.9,1,1,0,0,1,0,0
T00023,D02,V02,2026-08-03,12:35:00,12:56:00,21,15.2,26.8,50.7,12.911893,77.64747,12.819021,77.665485,2026-08-03 12:35:00,2026-08-03 12:56:00,21.0,21,12.800785871838219,9.370000000000001,26.771428571428572,50.7,0,0,0,0,1,0,1
T00024,D02,V02,2026-08-04,06:16:00,06:51:00,35,16.23,27.5,50.5,12.916949,77.638204,13.007097,77.692563,2026-08-04 06:16:00,2026-08-04 06:51:00,35.0,35,15.047854009988107,16.066666666666666,27.542857142857144,50.5,0,0,0,0,0,0,1
T00025,D02,V02,2026-08-05,11:15:00,11:32:00,17,7.73,19.6,31.9,12.917555,77.641103,12.919545,77.68289,2026-08-05 11:15:00,2026-08-05 11:32:00,17.0,17,6.786955069941163,5.545,19.570588235294117,31.9,0,0,0,0,0,0,0
T00026,D02,V02,2026-08-02,15:03:00,15:16:00,13,11.49,28.1,41.9,12.923164,77.651588,12.959218,77.656964,2026-08-02 15:03:00,2026-08-02 15:16:00,13.0,13,9.452247219282487,6.086666666666667,28.092307692307692,41.9,0,0,0,0,1,0,0
T00027,D02,V02,2026-08-02,14:14:00,14:33:00,19,11.53,21.3,34.3,12.909107,77.644399,12.949772,77.673275,2026-08-02 14:14:00,2026-08-02 14:33:00,19.0,19,9.454940054014287,6.735,21.26842105263158,34.3,0,0,0,0,1,0,0
T00028,D02,V02,2026-08-06,20:34:00,20:52:00,18,9.1,29.3,50.9,12.914477,77.638661,12.919607,77.564016,2026-08-06 20:34:00,2026-08-06 20:52:00,18.0,18,8.318526486888066,8.798333333333334,29.327777777777776,50.9,0,0,0,0,0,0,0
T00029,D02,V02,2026-08-06,10:28:00,11:12:00,44,14.25,17.7,36.3,12.917178,77.644843,12.844217,77.581758,2026-08-06 10:28:00,2026-08-06 11:12:00,44.0,44,13.71960851006006,13.008333333333333,17.738636363636363,36.3,0,0,0,0,0,0,0
T00030,D02,V02,2026-08-04,12:22:00,12:44:00,22,10.41,22.1,35.1,12.906694,77.632706,12.943706,77.581729,2026-08-04 12:22:00,2026-08-04 12:44:00,22.0,22,9.609072223770381,8.115,22.131818181818183,35.1,0,0,0,0,0,0,0
T00031,D03,V03,2026-08-02,19:58:00,20:16:00,18,9.23,14.3,32.4,12.924827,77.608182,12.97527,77.624701,2026-08-02 19:58:00,2026-08-02 20:16:00,18.0,18,7.0541181666128665,4.276666666666667,14.255555555555556,32.4,0,0,0,1,1,0,0
T00032,D03,V03,2026-07-31,21:35:00,22:13:00,38,16.21,13.3,35.6,12.924166,77.618245,13.026969,77.648359,2026-07-31 21:35:00,2026-07-31 22:13:00,38.0,38,14.174278431555328,8.438333333333334,13.323684210526316,35.6,0,0,0,0,1,0,0
T00033,D03,V03,2026-08-03,11:49:00,12:03:00,14,8.27,23.6,46.6,12.912888,77.624811,12.956101,77.630261,2026-08-03 11:49:00,2026-08-03 12:03:00,14.0,14,7.044909541398954,5.498333333333333,23.564285714285713,46.6,0,0,0,0,0,0,0
T00034,D03,V03,2026-08-06,10:48:00,11:10:00,22,6.26,29.8,58.8,12.916392,77.613761,12.904704,77.572184,2026-08-06 10:48:00,2026-08-06 11:10:00,22.0,22,5.826384420461023,10.933333333333334,29.818181818181817,58.8,0,0,0,0,1,0,0
T00035,D03,V03,2026-08-03,09:45:00,10:17:00,32,13.38,30.5,54.7,12.89927,77.622373,12.817121,77.598363,2026-08-03 09:45:00,2026-08-03 10:17:00,32.0,32,11.925713587439155,16.291666666666668,30.546875,54.7,0,0,0,0,0,0,0
T00036,D03,V03,2026-08-06,08:16:00,08:47:00,31,19.96,19.9,51.2,12.892579,77.61184,12.791769,77.543846,2026-08-06 08:16:00,2026-08-06 08:47:00,31.0,31,17.863737280281796,10.298333333333334,19.932258064516127,51.2,0,0,0,0,1,0,0
T00037,D03,V03,2026-08-05,20:06:00,20:49:00,43,18.13,25.4,68.8,12.890759,77.611141,12.834184,77.513294,2026-08-05 20:06:00,2026-08-05 20:49:00,43.0,43,16.436174429391652,18.188333333333333,25.37906976744186,68.8,0,0,0,0,0,0,1
T00038,D03,V03,2026-07-31,20:43:00,21:27:00,44,19.77,22.0,52.3,12.908639,77.6139,12.823519,77.50485,2026-07-31 20:43:00,2026-07-31 21:27:00,44.0,44,17.737590957755607,16.151666666666667,22.025000000000002,52.3,0,0,0,0,1,0,0
T00039,D03,V03,2026-07-31,12:19:00,12:44:00,25,11.92,22.4,52.3,12.898327,77.618005,12.900388,77.549018,2026-07-31 12:19:00,2026-07-31 12:44:00,25.0,25,10.354357156177432,9.315,22.355999999999998,52.3,0,0,0,0,0,0,0
T00040,D03,V03,2026-08-06,17:50:00,18:21:00,31,13.65,21.8,49.9,12.905694,77.607486,12.804134,77.580432,2026-08-06 17:50:00,2026-08-06 18:21:00,31.0,31,12.25504136087207,11.266666666666667,21.806451612903224,49.9,0,0,0,0,0,0,0
T00041,D03,V03,2026-08-03,21:29:00,22:04:00,35,12.38,27.4,60.1,12.910528,77.606494,12.946965,77.661748,2026-08-03 21:29:00,2026-08-03 22:04:00,35.0,35,10.843143652736705,15.993333333333334,27.417142857142856,60.1,0,0,0,0,1,0,1
T00042,D03,V03,2026-08-04,16:40:00,17:20:00,40,7.88,21.5,53.4,12.903092,77.624516,12.934963,77.594091,2026-08-04 16:40:00,2026-08-04 17:20:00,40.0,40,7.171983857888762,14.308333333333334,21.4625,53.4,0,0,0,0,1,0,1
T00043,D03,V03,2026-08-01,14:56:00,15:35:00,39,20.88,16.4,47.1,12.909805,77.632485,13.037055,77.670478,2026-08-01 14:56:00,2026-08-01 15:35:00,39.0,39,18.598399383235815,10.628333333333334,16.351282051282052,47.1,0,0,0,0,1,0,0
T00044,D03,V03,2026-08-06,10:03:00,10:30:00,27,9.3,32.4,59.1,12.913492,77.624873,12.938671,77.679631,2026-08-06 10:03:00,2026-08-06 10:30:00,27.0,27,8.52258925799721,14.585,32.41111111111111,59.1,0,0,0,0,1,0,0
T00045,D03,V03,2026-08-05,10:59:00,11:42:00,43,13.14,22.1,55.4,12.916333,77.614986,12.941544,77.519671,2026-08-05 10:59:00,2026-08-05 11:42:00,43.0,43,12.439464121706546,15.868333333333334,22.14186046511628,55.4,0,0,0,0,0,0,1
T00046,D04,V04,2026-08-05,14:05:00,14:50:00,45,18.81,28.0,48.1,12.901007,77.648588,12.831105,77.595136,2026-08-05 14:05:00,2026-08-05 14:50:00,45.0,45,17.286955810040723,20.983333333333334,27.977777777777778,48.1,0,0,0,0,0,0,0
T00047,D04,V04,2026-08-05,09:56:00,10:29:00,33,15.2,32.4,50.7,12.916277,77.634406,12.869649,77.531312,2026-08-05 09:56:00,2026-08-05 10:29:00,33.0,33,14.437877521947968,17.81,32.381818181818176,50.7,0,0,0,0,0,0,0
T00048,D04,V04,2026-08-05,18:43:00,19:15:00,32,16.54,23.9,42.9,12.91798,77.649215,12.814652,77.669822,2026-08-05 18:43:00,2026-08-05 19:15:00,32.0,32,14.623836624781923,12.753333333333334,23.9125,42.9,0,0,0,0,1,0,0
T00049,D04,V04,2026-08-02,19:44:00,20:16:00,32,10.78,29.8,51.6,12.916233,77.638744,12.90239,77.718135,2026-08-02 19:44:00,2026-08-02 20:16:00,32.0,32,9.863624921715147,15.889999999999999,29.79375,51.6,0,0,0,0,1,0,0
T00050,D04,V04,2026-07-31,19:02:00,19:40:00,38,10.83,22.3,37.6,12.919474,77.648825,12.976416,77.600956,2026-07-31 19:02:00,2026-07-31 19:40:00,38.0,38,9.932346214412169,14.133333333333333,22.31578947368421,37.6,0,0,0,0,1,0,0
T00051,D04,V04,2026-08-01,12:16:00,12:54:00,38,12.83,15.3,29.1,12.914721,77.638116,12.911644,77.539791,2026-08-01 12:16:00,2026-08-01 12:54:00,38.0,38,11.719968307756737,9.671666666666665,15.271052631578947,29.1,0,0,0,0,1,0,0
T00052,D04,V04,2026-08-03,10:19:00,10:40:00,21,7.47,18.6,34.8,12.914468,77.639157,12.942421,77.596725,2026-08-03 10:19:00,2026-08-03 10:40:00,21.0,21,6.6128999991487385,6.52,18.628571428571426,34.8,0,0,0,0,0,0,0
T00053,D04,V04,2026-08-04,15:39:00,16:08:00,29,13.9,19.4,40.6,12.911909,77.648897,12.992169,77.651553,2026-08-04 15:39:00,2026-08-04 16:08:00,29.0,29,12.537258629954597,9.381666666666666,19.410344827586208,40.6,0,0,0,0,1,0,0
T00054,D04,V04,2026-08-01,09:29:00,10:09:00,40,17.54,29.7,50.6,12.918995,77.63258,12.807225,77.668889,2026-08-01 09:29:00,2026-08-01 10:09:00,40.0,40,15.723663427998087,19.831666666666667,29.747500000000002,50.6,0,0,0,0,0,0,0
T00055,D04,V04,2026-08-02,14:00:00,14:28:00,28,13.16,28.1,48.8,12.908491,77.641335,12.956207,77.709868,2026-08-02 14:00:00,2026-08-02 14:28:00,28.0,28,11.807584986962029,13.1,28.071428571428573,48.8,0,0,0,0,0,0,0
T00056,D04,V04,2026-08-04,14:47:00,15:14:00,27,11.73,16.0,32.5,12.916624,77.630694,12.969421,77.567078,2026-08-04 14:47:00,2026-08-04 15:14:00,27.0,27,10.254577022963817,7.1816666666666675,15.95925925925926,32.5,0,0,0,0,1,0,0
T00057,D04,V04,2026-07-31,11:34:00,12:03:00,29,16.38,28.4,40.0,12.915647,77.645074,12.861201,77.558658,2026-07-31 11:34:00,2026-07-31 12:03:00,29.0,29,15.169269106298117,13.735000000000001,28.417241379310347,40.0,0,0,0,0,0,0,0
T00058,D04,V04,2026-08-02,07:43:00,08:03:00,20,9.66,25.4,43.6,12.920892,77.645038,12.888109,77.696147,2026-08-02 07:43:00,2026-08-02 08:03:00,20.0,20,8.311153205303771,8.471666666666668,25.415,43.6,0,0,0,0,0,0,0
T00059,D04,V04,2026-08-03,17:10:00,17:42:00,32,18.54,26.9,36.5,12.903764,77.648834,12.804023,77.618057,2026-08-03 17:10:00,2026-08-03 17:42:00,32.0,32,15.756255400340526,14.335,26.878125,36.5,0,0,0,0,1,0,0
T00060,D04,V04,2026-07-31,19:45:00,20:16:00,31,9.64,20.2,45.7,12.92462,77.639536,12.879808,77.599324,2026-07-31 19:45:00,2026-07-31 20:16:00,31.0,31,8.732264878768689,10.441666666666666,20.20967741935484,45.7,0,0,0,0,0,0,0
T00061,D05,V05,2026-08-05,12:32:00,13:14:00,42,19.04,33.1,47.8,12.984144,77.557374,12.915988,77.666649,2026-08-05 12:32:00,2026-08-05 13:14:00,42.0,42,17.423036199203185,23.14,33.05714285714286,47.8,1,1,0,0,1,0,0
T00062,D05,V05,2026-08-04,14:07:00,14:48:00,41,33.4,23.4,34.1,12.991789,77.537085,12.991341,77.342497,2026-08-04 14:07:00,2026-08-04 14:48:00,41.0,41,30.110296718228476,15.961666666666668,23.358536585365854,34.1,0,0,0,1,1,0,0
T00063,D05,V05,2026-08-01,14:13:00,14:58:00,45,28.5,18.7,30.0,12.97516,77.565401,12.792549,77.555381,2026-08-01 14:13:00,2026-08-01 14:58:00,45.0,45,26.256154383548537,14.048333333333334,18.73111111111111,30.0,0,0,0,0,1,0,0
T00064,D05,V05,2026-08-01,15:34:00,16:00:00,26,17.15,31.7,42.0,12.993866,77.562069,13.073685,77.624457,2026-08-01 15:34:00,2026-08-01 16:00:00,26.0,26,15.386172547109531,13.751666666666667,31.734615384615385,42.0,0,0,0,0,1,0,0
T00065,D05,V05,2026-08-04,17:30:00,18:14:00,44,15.93,26.5,37.5,12.989941,77.554711,12.896849,77.611197,2026-08-04 17:30:00,2026-08-04 18:14:00,44.0,44,14.707126085861628,19.425,26.488636363636363,37.5,0,0,0,0,1,0,0
T00066,D05,V05,2026-08-06,14:14:00,14:36:00,22,14.07,22.1,30.8,12.986686,77.550906,12.984215,77.648928,2026-08-06 14:14:00,2026-08-06 14:36:00,22.0,22,12.16394876811293,8.108333333333333,22.113636363636363,30.8,0,0,0,0,1,0,0
T00067,D05,V05,2026-08-05,12:38:00,13:19:00,41,12.07,24.1,33.0,12.983506,77.562731,12.990538,77.647425,2026-08-05 12:38:00,2026-08-05 13:19:00,41.0,41,11.182798813422998,16.493333333333332,24.13658536585366,33.0,1,1,0,0,1,0,0
T00068,D05,V05,2026-08-01,10:14:00,10:41:00,27,9.12,23.8,34.5,12.989916,77.555536,12.946948,77.518915,2026-08-01 10:14:00,2026-08-01 10:41:00,27.0,27,8.049605633338187,10.705,23.788888888888888,34.5,0,0,0,0,0,0,0
T00069,D05,V05,2026-08-02,10:27:00,10:54:00,27,19.08,19.2,24.7,12.997166,77.565687,13.090741,77.623785,2026-08-02 10:27:00,2026-08-02 10:54:00,27.0,27,17.123176323479743,8.635,19.18888888888889,24.7,0,0,0,0,1,0,0
T00070,D05,V05,2026-08-05,10:07:00,10:46:00,39,19.7,20.5,29.7,13.002779,77.562167,13.108974,77.461605,2026-08-05 10:07:00,2026-08-05 10:46:00,39.0,39,17.802983637011813,13.311666666666667,20.47948717948718,29.7,0,0,0,0,1,0,0
T00071,D05,V05,2026-08-01,09:34:00,10:01:00,27,10.77,18.4,25.2,12.997429,77.550276,13.017768,77.488565,2026-08-01 09:34:00,2026-08-01 10:01:00,27.0,27,9.480370519347908,8.28,18.400000000000002,25.2,0,0,0,0,0,0,0
T00072,D05,V05,2026-08-03,14:34:00,15:00:00,26,19.89,17.9,25.7,12.975241,77.552537,12.942003,77.665367,2026-08-03 14:34:00,2026-08-03 15:00:00,26.0,26,17.051659503239396,7.738333333333333,17.857692307692307,25.7,0,0,0,0,1,0,0
T00073,D05,V05,2026-08-04,10:36:00,10:58:00,22,13.51,19.3,25.9,12.982206,77.565233,12.994735,77.657399,2026-08-04 10:36:00,2026-08-04 10:58:00,22.0,22,11.491350803631097,7.071666666666667,19.286363636363635,25.9,0,0,0,0,1,0,0
T00074,D05,V05,2026-08-06,15:23:00,15:35:00,12,7.0,26.6,35.0,13.010099,77.554402,13.049137,77.546174,2026-08-06 15:23:00,2026-08-06 15:35:00,12.0,12,5.577974453359871,5.325,26.625,35.0,0,0,0,1,0,0,0
T00075,D05,V05,2026-08-05,13:50:00,14:31:00,41,19.37,20.0,30.2,13.003878,77.565291,13.086413,77.449866,2026-08-05 13:50:00,2026-08-05 14:31:00,41.0,41,17.83872320921627,13.675,20.01219512195122,30.2,0,0,0,0,1,0,0
T00076,D06,V06,2026-08-04,19:27:00,19:46:00,19,9.64,21.8,52.7,12.842302,77.660492,12.797065,77.693597,2026-08-04 19:27:00,2026-08-04 19:46:00,19.0,19,7.9152333633878165,6.890000000000001,21.757894736842108,52.7,0,0,0,0,0,0,1
T00077,D06,V06,2026-08-01,12:52:00,13:30:00,38,14.71,23.0,51.3,12.855131,77.665296,12.837175,77.760075,2026-08-01 12:52:00,2026-08-01 13:30:00,38.0,38,13.22280907679101,14.586666666666668,23.031578947368423,51.3,0,0,0,0,0,0,0
T00078,D06,V06,2026-08-05,08:36:00,09:06:00,30,16.2,28.4,70.0,12.847949,77.654515,12.760488,77.709523,2026-08-05 08:36:00,2026-08-05 09:06:00,30.0,30,14.626138718522341,14.225,28.45,70.0,0,0,0,0,0,0,1
T00079,D06,V06,2026-08-03,21:52:00,22:08:00,16,10.56,26.1,58.1,12.841878,77.666515,12.888256,77.696051,2026-08-03 21:52:00,2026-08-03 22:08:00,16.0,16,8.518822670531607,6.965,26.11875,58.1,0,0,0,0,1,0,0
T00080,D06,V06,2026-08-02,12:14:00,12:54:00,40,3.39,17.7,54.4,12.845772,77.661596,12.831244,77.673541,2026-08-02 12:14:00,2026-08-02 12:54:00,40.0,40,2.8760606801165727,11.82,17.73,54.4,0,0,0,0,1,0,1
T00081,D06,V06,2026-07-31,20:44:00,21:20:00,36,12.28,25.7,58.3,12.854546,77.655246,12.852115,77.576725,2026-07-31 20:44:00,2026-07-31 21:20:00,36.0,36,11.378413530894425,15.403333333333334,25.672222222222224,58.3,0,1,0,0,1,0,1
T00082,D06,V06,2026-08-04,11:07:00,11:50:00,43,13.82,24.9,55.3,12.843342,77.661513,12.915514,77.595901,2026-08-04 11:07:00,2026-08-04 11:50:00,43.0,43,12.853119683364948,17.87,24.934883720930234,55.3,1,1,0,0,1,0,0
T00083,D06,V06,2026-08-05,11:20:00,11:56:00,36,17.44,23.3,48.7,12.836062,77.655783,12.79763,77.780427,2026-08-05 11:20:00,2026-08-05 11:56:00,36.0,36,16.64073205448752,14.0,23.333333333333332,48.7,0,0,0,0,1,0,0
T00084,D06,V06,2026-08-06,21:37:00,22:17:00,40,10.42,24.3,48.2,12.836198,77.669301,12.884194,77.69862,2026-08-06 21:37:00,2026-08-06 22:17:00,40.0,40,9.107649673238937,16.166666666666668,24.25,48.2,0,0,0,0,1,0,0
T00085,D06,V06,2026-08-03,07:11:00,07:31:00,20,11.43,25.4,49.3,12.847721,77.671209,12.884424,77.734127,2026-08-03 07:11:00,2026-08-03 07:31:00,20.0,20,9.77528754552029,8.46,25.380000000000003,49.3,0,0,0,0,0,0,0
T00086,D06,V06,2026-08-04,11:34:00,11:56:00,22,12.86,36.4,61.3,12.862148,77.654492,12.922864,77.58018,2026-08-04 11:34:00,2026-08-04 11:56:00,22.0,22,12.183965621851014,13.358333333333333,36.43181818181818,61.3,1,1,0,0,0,0,1
T00087,D06,V06,2026-08-05,19:10:00,19:46:00,36,17.77,25.5,49.6,12.86741,77.655211,12.989774,77.626487,2026-08-05 19:10:00,2026-08-05 19:46:00,36.0,36,15.925783006841801,15.313333333333333,25.522222222222222,49.6,0,0,0,0,0,0,0
T00088,D06,V06,2026-08-01,07:10:00,07:52:00,42,18.52,27.9,73.6,12.842659,77.660384,12.89142,77.565536,2026-08-01 07:10:00,2026-08-01 07:52:00,42.0,42,16.57718785470985,19.551666666666666,27.93095238095238,73.6,0,0,0,0,0,0,1
T00089,D06,V06,2026-08-06,07:53:00,08:31:00,38,17.55,35.8,63.4,12.844411,77.656227,12.951768,77.581461,2026-08-06 07:53:00,2026-08-06 08:31:00,38.0,38,16.287039385691138,22.683333333333334,35.81578947368421,63.4,0,0,0,0,1,0,0
T00090,D06,V06,2026-08-04,08:24:00,08:38:00,14,26.46,17.4,44.2,12.86065,77.65188,12.9099,77.688694,2026-08-04 08:24:00,2026-08-04 08:38:00,14.0,14,21.7399169284753,4.05,17.357142857142858,44.2,0,0,0,1,1,1,0
T00091,D07,V07,2026-08-02,06:12:00,06:56:00,44,10.44,16.2,34.5,12.901074,77.627179,12.957798,77.569578,2026-08-02 06:12:00,2026-08-02 06:56:00,44.0,44,9.853245539279508,11.889999999999999,16.213636363636365,34.5,0,0,0,0,0,0,0
T00092,D07,V07,2026-08-05,11:21:00,12:02:00,41,16.75,30.9,44.8,12.899716,77.622209,13.007264,77.609265,2026-08-05 11:21:00,2026-08-05 12:02:00,41.0,41,14.704273932854681,21.136666666666667,30.931707317073172,44.8,0,0,0,0,1,0,0
T00093,D07,V07,2026-08-03,11:40:00,12:12:00,32,19.64,17.4,30.8,12.915181,77.623689,12.927377,77.760074,2026-08-03 11:40:00,2026-08-03 12:12:00,32.0,32,17.515984281050507,9.278333333333334,17.396875,30.8,0,0,0,0,1,0,0
T00094,D07,V07,2026-08-04,20:09:00,20:53:00,44,25.77,28.5,48.6,12.905751,77.603948,12.774824,77.516381,2026-08-04 20:09:00,2026-08-04 20:53:00,44.0,44,23.45947431433937,20.91166666666667,28.51590909090909,48.6,1,1,0,0,1,0,0
T00095,D07,V07,2026-07-31,06:56:00,07:38:00,42,19.42,18.1,32.4,12.917436,77.624152,13.045869,77.568591,2026-07-31 06:56:00,2026-07-31 07:38:00,42.0,42,18.07950300322174,12.655,18.07857142857143,32.4,0,0,0,0,1,0,0
T00096,D07,V07,2026-08-01,12:56:00,13:12:00,16,6.28,31.3,43.8,12.895326,77.611009,12.876406,77.57572,2026-08-01 12:56:00,2026-08-01 13:12:00,16.0,16,5.264192745233441,8.335,31.25625,43.8,0,0,0,0,0,0,0
T00097,D07,V07,2026-08-04,19:41:00,19:57:00,16,9.24,22.0,33.5,12.913118,77.614918,12.953989,77.57248,2026-08-04 19:41:00,2026-08-04 19:57:00,16.0,16,8.231494701464205,5.8566666666666665,21.9625,33.5,0,0,0,0,1,0,0
T00098,D07,V07,2026-08-06,06:54:00,07:25:00,31,9.44,27.6,39.9,12.914493,77.617114,12.912236,77.544034,2026-08-06 06:54:00,2026-08-06 07:25:00,31.0,31,8.283634456493129,14.275,27.629032258064516,39.9,0,0,0,0,1,0,0
T00099,D07,V07,2026-07-31,19:53:00,20:11:00,18,10.56,33.7,47.6,12.905674,77.607258,12.872106,77.554476,2026-07-31 19:53:00,2026-07-31 20:11:00,18.0,18,8.961027924484384,10.113333333333333,33.71111111111111,47.6,0,0,0,0,0,0,0
T00100,D07,V07,2026-08-05,20:47:00,21:29:00,42,12.41,28.4,45.7,12.900148,77.618319,12.816045,77.614996,2026-08-05 20:47:00,2026-08-05 21:29:00,42.0,42,11.283997806901965,19.845000000000002,28.35,45.7,0,0,0,0,1,0,0
T00101,D07,V07,2026-08-04,20:09:00,20:34:00,25,14.96,27.1,44.1,12.90574,77.608754,12.960935,77.514644,2026-08-04 20:09:00,2026-08-04 20:34:00,25.0,25,13.464586477190219,11.311666666666667,27.148000000000003,44.1,1,1,0,0,1,0,0
T00102,D07,V07,2026-08-02,09:03:00,09:23:00,20,11.13,28.5,54.4,12.912821,77.619055,12.906313,77.691861,2026-08-02 09:03:00,2026-08-02 09:23:00,20.0,20,10.185818282682996,9.51,28.53,54.4,0,0,0,0,0,0,1
T00103,D07,V07,2026-08-01,21:57:00,22:33:00,36,23.1,30.2,47.4,12.905611,77.606489,12.867658,77.476654,2026-08-01 21:57:00,2026-08-01 22:33:00,36.0,36,20.358884572103186,18.108333333333334,30.180555555555557,47.4,0,0,0,0,1,0,0
T00104,D07,V07,2026-08-05,13:12:00,13:28:00,16,11.59,22.0,34.0,12.912592,77.620884,12.947014,77.661605,2026-08-05 13:12:00,2026-08-05 13:28:00,16.0,16,9.576503293842068,5.871666666666667,22.01875,34.0,0,0,0,0,1,0,0
T00105,D07,V07,2026-08-04,11:43:00,12:22:00,39,16.29,17.2,35.0,12.912863,77.62397,12.974639,77.701805,2026-08-04 11:43:00,2026-08-04 12:22:00,39.0,39,15.045316749614445,11.198333333333332,17.22820512820513,35.0,0,0,0,0,1,0,0
T00106,D08,V08,2026-08-01,10:37:00,11:14:00,37,10.51,26.5,46.3,12.930325,77.676112,12.910083,77.731446,2026-08-01 10:37:00,2026-08-01 11:14:00,37.0,37,9.48345304357377,16.361666666666668,26.532432432432433,46.3,0,0,0,0,1,0,0
T00107,D08,V08,2026-08-04,14:21:00,14:54:00,33,18.92,25.3,46.0,12.921304,77.66291,12.803496,77.641325,2026-08-04 14:21:00,2026-08-04 14:54:00,33.0,33,17.000087115459422,13.903333333333332,25.278787878787877,46.0,0,0,0,0,1,0,0
T00108,D08,V08,2026-08-03,20:01:00,20:40:00,39,21.96,21.9,36.9,12.922382,77.655621,12.773892,77.695688,2026-08-03 20:01:00,2026-08-03 20:40:00,39.0,39,19.833652467797563,14.215,21.869230769230768,36.9,0,0,0,0,1,0,0
T00109,D08,V08,2026-08-01,12:13:00,12:33:00,20,5.66,29.3,48.0,12.924887,77.6741,12.931233,77.712992,2026-08-01 12:13:00,2026-08-01 12:33:00,20.0,20,5.120264071834188,9.771666666666667,29.314999999999998,48.0,0,0,0,0,1,0,0
T00110,D08,V08,2026-08-05,09:47:00,10:18:00,31,9.94,20.5,36.4,12.915472,77.674387,12.918827,77.740199,2026-08-05 09:47:00,2026-08-05 10:18:00,31.0,31,8.861405348671033,10.608333333333333,20.532258064516128,36.4,0,0,0,0,0,0,0
T00111,D08,V08,2026-08-02,21:13:00,21:54:00,41,12.96,18.8,34.4,12.917386,77.663945,12.918198,77.723992,2026-08-02 21:13:00,2026-08-02 21:54:00,41.0,41,11.89742300837467,12.838333333333333,18.787804878048778,34.4,0,0,0,0,0,0,0
T00112,D08,V08,2026-08-02,14:50:00,15:06:00,16,8.37,29.0,39.8,12.922022,77.656516,12.869593,77.660418,2026-08-02 14:50:00,2026-08-02 15:06:00,16.0,16,6.9718826774891145,7.745,29.04375,39.8,0,0,0,0,0,0,0
T00113,D08,V08,2026-08-04,15:47:00,16:32:00,45,29.76,18.5,36.9,12.932051,77.642178,13.017894,77.461913,2026-08-04 15:47:00,2026-08-04 16:32:00,45.0,45,26.826185882047668,13.879999999999999,18.506666666666664,36.9,0,0,0,0,1,0,0
T00114,D08,V08,2026-08-03,11:45:00,12:25:00,40,14.46,20.3,40.3,12.918595,77.674148,12.883592,77.773478,2026-08-03 11:45:00,2026-08-03 12:25:00,40.0,40,13.164379579494836,13.535,20.302500000000002,40.3,0,0,0,0,0,0,0
T00115,D08,V08,2026-08-05,20:09:00,20:20:00,11,8.99,24.9,40.4,12.918453,77.670324,12.885359,77.659762,2026-08-05 20:09:00,2026-08-05 20:20:00,11.0,11,6.65718419778533,4.571666666666667,24.936363636363637,40.4,0,0,0,1,1,0,0
T00116,D08,V08,2026-08-05,15:29:00,15:49:00,20,19.44,25.8,39.8,12.929139,77.662586,13.003239,77.64435,2026-08-05 15:29:00,2026-08-05 15:49:00,20.0,20,16.59446847799552,8.593333333333334,25.78,39.8,0,0,0,0,1,0,0
T00117,D08,V08,2026-07-31,14:02:00,14:41:00,39,16.03,29.6,56.3,12.926428,77.669753,12.949424,77.766969,2026-07-31 14:02:00,2026-07-31 14:41:00,39.0,39,14.606797896230002,19.26833333333333,29.64358974358974,56.3,0,0,0,0,1,0,1
T00118,D08,V08,2026-08-01,07:53:00,08:09:00,16,11.92,26.6,36.6,12.922104,77.668151,12.968144,77.671947,2026-08-01 07:53:00,2026-08-01 08:09:00,16.0,16,9.794532091334649,7.081666666666666,26.55625,36.6,0,0,0,0,1,0,0
T00119,D08,V08,2026-08-06,16:41:00,17:16:00,35,12.23,27.6,47.3,12.930994,77.673118,12.938625,77.592727,2026-08-06 16:41:00,2026-08-06 17:16:00,35.0,35,11.655313919634072,16.113333333333333,27.622857142857143,47.3,0,0,0,0,1,0,0
T00120,D08,V08,2026-08-03,15:21:00,16:04:00,43,13.03,24.4,45.2,12.92925,77.651807,12.861827,77.66197,2026-08-03 15:21:00,2026-08-03 16:04:00,43.0,43,12.267424696254137,17.51833333333333,24.444186046511625,45.2,0,0,0,0,1,0,0
T00121,D09,V09,2026-08-04,08:20:00,08:33:00,13,12.7,23.5,29.4,12.923525,77.665391,12.97269,77.621626,2026-08-04 08:20:00,2026-08-04 08:33:00,13.0,13,9.235326241036704,5.096666666666667,23.523076923076925,29.4,0,0,0,1,1,0,0
T00122,D09,V09,2026-08-05,13:52:00,14:03:00,11,5.1,29.6,38.7,12.921047,77.657305,12.89526,77.657688,2026-08-05 13:52:00,2026-08-05 14:03:00,11.0,11,4.565918103509953,5.426666666666667,29.6,38.7,1,1,0,0,0,0,0
T00123,D09,V09,2026-08-01,18:50:00,19:33:00,43,18.24,20.7,31.0,12.919973,77.666579,12.816073,77.630234,2026-08-01 18:50:00,2026-08-01 19:33:00,43.0,43,16.28736707825653,14.860000000000001,20.734883720930235,31.0,0,0,0,0,1,0,0
T00124,D09,V09,2026-08-05,13:59:00,14:12:00,13,10.78,21.6,30.0,12.920551,77.664746,12.96219,77.638626,2026-08-05 13:59:00,2026-08-05 14:12:00,13.0,13,8.728196097164464,4.683333333333334,21.615384615384617,30.0,1,1,0,0,1,0,0
T00125,D09,V09,2026-08-01,14:04:00,14:18:00,14,6.35,23.2,30.4,12.920811,77.6648,12.880451,77.671833,2026-08-01 14:04:00,2026-08-01 14:18:00,14.0,14,5.448184073020074,5.42,23.228571428571428,30.4,0,0,0,0,0,0,0
T00126,D09,V09,2026-08-04,14:57:00,15:36:00,39,25.93,19.9,31.7,12.921443,77.666649,13.054875,77.719746,2026-08-04 14:57:00,2026-08-04 15:36:00,39.0,39,24.438959435702735,12.938333333333333,19.905128205128204,31.7,0,0,0,0,1,0,0
T00127,D09,V09,2026-08-05,20:06:00,20:32:00,26,17.56,24.1,34.7,12.924008,77.669603,12.824492,77.650542,2026-08-05 20:06:00,2026-08-05 20:32:00,26.0,26,14.899686098860803,10.441666666666666,24.096153846153847,34.7,0,0,0,0,1,0,0
T00128,D09,V09,2026-08-06,15:23:00,15:48:00,25,16.75,31.0,38.4,12.940697,77.655318,13.03416,77.639885,2026-08-06 15:23:00,2026-08-06 15:48:00,25.0,25,14.500597034872913,12.916666666666666,31.0,38.4,0,0,0,0,1,0,0
T00129,D09,V09,2026-08-02,16:58:00,17:32:00,34,26.33,27.7,38.7,12.92864,77.681957,12.803733,77.774139,2026-08-02 16:58:00,2026-08-02 17:32:00,34.0,34,23.62440455714025,15.695,27.697058823529414,38.7,0,0,0,0,1,0,0
T00130,D09,V09,2026-08-04,18:41:00,19:11:00,30,21.87,27.8,39.4,12.930019,77.673172,13.034768,77.734113,2026-08-04 18:41:00,2026-08-04 19:11:00,30.0,30,20.519392374857652,13.921666666666665,27.84333333333333,39.4,0,0,0,0,1,0,0
T00131,D09,V09,2026-08-01,12:14:00,12:48:00,34,12.8,24.2,30.0,12.919162,77.668147,12.845865,77.661146,2026-08-01 12:14:00,2026-08-01 12:48:00,34.0,34,11.553127653237777,13.703333333333335,24.18235294117647,30.0,0,0,0,0,0,0,0
T00132,D09,V09,2026-08-03,09:27:00,10:05:00,38,17.92,31.0,40.7,12.921463,77.662524,12.997483,77.581,2026-08-03 09:27:00,2026-08-03 10:05:00,38.0,38,16.34564905158699,19.631666666666668,30.997368421052634,40.7,0,0,0,0,0,0,0
T00133,D09,V09,2026-08-01,21:08:00,21:21:00,13,8.4,23.4,32.5,12.920817,77.654768,12.878874,77.634078,2026-08-01 21:08:00,2026-08-01 21:21:00,13.0,13,6.167111528849335,5.0616666666666665,23.361538461538462,32.5,0,0,0,1,1,0,0
T00134,D09,V09,2026-08-02,07:12:00,07:53:00,41,26.77,28.6,39.5,12.925389,77.665404,13.087191,77.630166,2026-08-02 07:12:00,2026-08-02 07:53:00,41.0,41,23.93427739463973,19.52,28.565853658536586,39.5,0,0,0,0,1,0,0
T00135,D09,V09,2026-08-06,19:46:00,20:08:00,22,12.36,29.3,38.0,12.919945,77.666638,12.883702,77.602429,2026-08-06 19:46:00,2026-08-06 20:08:00,22.0,22,11.166450967340433,10.733333333333333,29.272727272727273,38.0,0,0,0,0,0,0,0
T00136,D10,V10,2026-08-02,11:32:00,12:09:00,37,18.61,21.5,38.9,13.019204,77.539861,13.0881,77.432752,2026-08-02 11:32:00,2026-08-02 12:09:00,37.0,37,17.836689653287117,13.246666666666666,21.48108108108108,38.9,0,0,0,0,1,0,0
T00137,D10,V10,2026-08-03,12:47:00,13:29:00,42,21.89,17.8,39.7,13.037725,77.549602,12.994584,77.447422,2026-08-03 12:47:00,2026-08-03 13:29:00,42.0,42,19.85278361956609,12.491666666666667,17.845238095238095,39.7,0,0,0,0,1,0,0
T00138,D10,V10,2026-08-01,09:51:00,10:30:00,39,25.16,16.9,34.8,13.023569,77.552109,12.907746,77.453621,2026-08-01 09:51:00,2026-08-01 10:30:00,39.0,39,23.331321053321428,10.953333333333335,16.851282051282052,34.8,1,1,0,0,1,0,0
T00139,D10,V10,2026-08-05,21:39:00,21:54:00,15,7.31,21.2,31.6,13.026567,77.558053,13.058243,77.586517,2026-08-05 21:39:00,2026-08-05 21:54:00,15.0,15,6.356489270102198,5.295,21.18,31.6,0,0,0,0,0,0,0
T00140,D10,V10,2026-08-01,09:30:00,09:43:00,13,5.75,20.5,36.6,13.034071,77.556496,13.0312,77.593538,2026-08-01 09:30:00,2026-08-01 09:43:00,13.0,13,4.54269918057616,4.444999999999999,20.515384615384615,36.6,0,0,0,1,0,0,0
T00141,D10,V10,2026-08-03,18:58:00,19:24:00,26,16.08,19.8,38.4,13.036739,77.557512,13.098571,77.631092,2026-08-03 18:58:00,2026-08-03 19:24:00,26.0,26,14.993265464830861,8.58,19.799999999999997,38.4,0,0,0,0,1,0,0
T00142,D10,V10,2026-08-01,16:45:00,17:15:00,30,11.83,19.1,33.8,13.013713,77.554129,13.055986,77.496387,2026-08-01 16:45:00,2026-08-01 17:15:00,30.0,30,10.434677935820918,9.565,19.13,33.8,0,0,0,0,0,0,0
T00143,D10,V10,2026-08-06,13:25:00,14:05:00,40,18.61,23.2,38.2,13.020941,77.55605,13.044644,77.665617,2026-08-06 13:25:00,2026-08-06 14:05:00,40.0,40,17.108240920055273,15.491666666666667,23.2375,38.2,0,0,0,0,1,0,0
T00144,D10,V10,2026-08-01,20:36:00,21:16:00,40,5.92,16.9,34.2,13.020303,77.567316,13.039952,77.592279,2026-08-01 20:36:00,2026-08-01 21:16:00,40.0,40,5.671616205020951,11.270000000000001,16.905,34.2,0,0,0,0,1,0,0
T00145,D10,V10,2026-08-04,16:53:00,17:29:00,36,8.56,21.1,41.0,13.03511,77.548442,12.993921,77.585221,2026-08-04 16:53:00,2026-08-04 17:29:00,36.0,36,7.949353961297393,12.663333333333332,21.105555555555554,41.0,0,0,0,0,1,0,0
T00146,D10,V10,2026-07-31,09:59:00,10:28:00,29,15.6,26.6,46.6,13.032879,77.554524,13.116231,77.48262,2026-07-31 09:59:00,2026-07-31 10:28:00,29.0,29,14.125385383837495,12.835,26.555172413793105,46.6,0,0,0,0,0,0,0
T00147,D10,V10,2026-08-05,10:51:00,11:22:00,31,8.73,28.2,48.4,13.024458,77.56537,12.970543,77.580961,2026-08-05 10:51:00,2026-08-05 11:22:00,31.0,31,7.720986585607551,14.546666666666665,28.154838709677417,48.4,0,0,0,0,1,0,0
T00148,D10,V10,2026-08-05,14:33:00,14:46:00,13,3.01,18.1,25.2,13.023262,77.556488,13.036941,77.546436,2026-08-05 14:33:00,2026-08-05 14:46:00,13.0,13,2.59077300622291,3.92,18.092307692307692,25.2,0,0,0,0,0,0,0
T00149,D10,V10,2026-08-01,09:55:00,10:39:00,44,16.59,18.3,35.3,13.025819,77.551271,13.108401,77.479659,2026-08-01 09:55:00,2026-08-01 10:39:00,44.0,44,15.305775984579398,13.421666666666665,18.302272727272726,35.3,1,1,0,0,1,0,0
T00150,D10,V10,2026-08-02,13:40:00,14:15:00,35,19.61,32.8,56.7,13.015819,77.555721,13.067758,77.657132,2026-08-02 13:40:00,2026-08-02 14:15:00,35.0,35,17.67182651005792,19.138333333333332,32.808571428571426,56.7,0,0,0,0,0,0,0
T00151,D11,V11,2026-08-02,06:30:00,07:07:00,37,15.79,23.3,33.3,13.02644,77.558001,13.052452,77.658314,2026-08-02 06:30:00,2026-08-02 07:07:00,37.0,37,14.32752517628022,14.353333333333333,23.27567567567568,33.3,0,0,0,0,0,0,0
T00152,D11,V11,2026-08-05,15:22:00,15:33:00,11,5.72,18.4,23.1,13.037846,77.557384,13.06746,77.572028,2026-08-05 15:22:00,2026-08-05 15:33:00,11.0,11,4.7348313525076,3.368333333333333,18.37272727272727,23.1,0,0,0,0,0,0,0
T00153,D11,V11,2026-08-03,09:26:00,09:39:00,13,6.87,31.3,37.7,13.032724,77.554277,13.051315,77.521983,2026-08-03 09:26:00,2026-08-03 09:39:00,13.0,13,6.02799659663314,6.785,31.315384615384616,37.7,0,0,0,0,0,0,0
T00154,D11,V11,2026-07-31,07:56:00,08:29:00,33,11.89,29.4,36.6,13.035091,77.557352,13.115708,77.572675,2026-07-31 07:56:00,2026-07-31 08:29:00,33.0,33,11.0251807470542,16.186666666666667,29.430303030303033,36.6,1,1,0,0,1,0,0
T00155,D11,V11,2026-08-04,19:56:00,20:29:00,33,13.31,29.9,38.0,13.033932,77.557784,13.096976,77.481566,2026-08-04 19:56:00,2026-08-04 20:29:00,33.0,33,12.125913072571887,16.423333333333332,29.86060606060606,38.0,0,0,0,0,1,0,0
T00156,D11,V11,2026-08-04,15:01:00,15:33:00,32,14.27,22.6,31.9,13.034218,77.54784,13.073306,77.467251,2026-08-04 15:01:00,2026-08-04 15:33:00,32.0,32,13.04390029192342,12.033333333333333,22.5625,31.9,0,0,0,0,0,0,0
T00157,D11,V11,2026-08-04,06:54:00,07:21:00,27,16.74,27.2,39.1,13.033643,77.557989,13.126702,77.603995,2026-08-04 06:54:00,2026-08-04 07:21:00,27.0,27,15.444392771107056,12.261666666666667,27.24814814814815,39.1,0,0,0,0,1,0,0
T00158,D11,V11,2026-07-31,08:28:00,09:05:00,37,21.35,28.1,39.9,13.026352,77.561344,12.881033,77.498735,2026-07-31 08:28:00,2026-07-31 09:05:00,37.0,37,19.785257643472463,17.348333333333336,28.132432432432434,39.9,1,1,0,0,1,0,0
T00159,D11,V11,2026-07-31,07:55:00,08:07:00,12,18.95,24.1,38.9,13.019076,77.557328,13.036121,77.525425,2026-07-31 07:55:00,2026-07-31 08:07:00,12.0,12,15.715824706333928,4.821666666666667,24.108333333333334,38.9,1,1,0,1,1,1,0
T00160,D11,V11,2026-07-31,06:30:00,06:55:00,25,13.77,30.8,39.3,13.030971,77.563731,13.068702,77.623941,2026-07-31 06:30:00,2026-07-31 06:55:00,25.0,25,12.601035222346262,12.848333333333333,30.836,39.3,0,0,0,0,0,0,0
T00161,D11,V11,2026-08-04,12:57:00,13:14:00,17,10.55,16.0,26.6,13.025681,77.562124,13.00995,77.614627,2026-08-04 12:57:00,2026-08-04 13:14:00,17.0,17,9.38120183623531,4.531666666666666,15.994117647058822,26.6,0,0,0,0,1,0,0
T00162,D11,V11,2026-08-01,16:02:00,16:13:00,11,6.22,28.3,37.0,13.020175,77.555691,12.993761,77.524578,2026-08-01 16:02:00,2026-08-01 16:13:00,11.0,11,4.91687355018347,5.181666666666667,28.263636363636362,37.0,0,0,0,1,0,0,0
T00163,D11,V11,2026-08-05,20:43:00,21:13:00,30,19.31,18.0,27.4,13.029538,77.560931,13.118667,77.638556,2026-08-05 20:43:00,2026-08-05 21:13:00,30.0,30,17.865835753077302,8.976666666666667,17.953333333333333,27.4,0,0,0,0,1,0,0
T00164,D11,V11,2026-08-01,20:15:00,20:26:00,11,4.73,24.3,32.2,13.026606,77.543702,13.00988,77.522672,2026-08-01 20:15:00,2026-08-01 20:26:00,11.0,11,3.721954355125758,4.463333333333334,24.345454545454547,32.2,0,0,0,1,0,0,0
T00165,D11,V11,2026-08-04,09:34:00,10:02:00,28,17.96,27.4,41.6,13.037191,77.557461,13.126913,77.634006,2026-08-04 09:34:00,2026-08-04 10:02:00,28.0,28,16.168941358907333,12.768333333333334,27.360714285714288,41.6,0,0,0,0,1,0,0
T00166,D12,V12,2026-07-31,11:57:00,12:33:00,36,12.8,24.1,47.7,12.907239,77.634802,12.833423,77.667411,2026-07-31 11:57:00,2026-07-31 12:33:00,36.0,36,11.502600727300797,14.475,24.125,47.7,0,0,0,0,0,0,0
T00167,D12,V12,2026-08-06,15:50:00,16:03:00,13,7.07,25.2,64.5,12.912429,77.651822,12.902772,77.679672,2026-08-06 15:50:00,2026-08-06 16:03:00,13.0,13,5.740271045580455,5.453333333333333,25.16923076923077,64.5,0,0,0,0,0,0,0
T00168,D12,V12,2026-08-03,19:12:00,19:51:00,39,19.61,14.3,46.5,12.902285,77.648511,12.902215,77.772327,2026-08-03 19:12:00,2026-08-03 19:51:00,39.0,39,18.140368442773642,9.275,14.26923076923077,46.5,0,0,0,0,1,0,0
T00169,D12,V12,2026-08-01,09:39:00,09:55:00,16,5.81,25.6,54.6,12.915855,77.637972,12.888629,77.633904,2026-08-01 09:39:00,2026-08-01 09:55:00,16.0,16,4.308333902854848,6.819999999999999,25.575,54.6,0,0,0,1,0,0,0
T00170,D12,V12,2026-08-04,07:10:00,07:54:00,44,13.13,27.7,51.0,12.92005,77.63839,12.998809,77.598084,2026-08-04 07:10:00,2026-08-04 07:54:00,44.0,44,12.040010335862094,20.295,27.675,51.0,0,0,0,0,1,0,0
T00171,D12,V12,2026-08-01,16:10:00,16:25:00,15,6.54,30.3,48.9,12.905142,77.632383,12.875841,77.608108,2026-08-01 16:10:00,2026-08-01 16:25:00,15.0,15,5.119235518738439,7.576666666666666,30.306666666666665,48.9,0,0,0,1,0,0,0
T00172,D12,V12,2026-08-02,15:37:00,15:59:00,22,10.84,21.0,48.7,12.924765,77.632972,12.879149,77.675555,2026-08-02 15:37:00,2026-08-02 15:59:00,22.0,22,9.201490746096722,7.6850000000000005,20.95909090909091,48.7,0,0,0,0,1,0,0
T00173,D12,V12,2026-07-31,14:07:00,14:22:00,15,7.81,29.8,45.4,12.900603,77.648248,12.853517,77.658568,2026-07-31 14:07:00,2026-07-31 14:22:00,15.0,15,6.882814056289703,7.4383333333333335,29.753333333333334,45.4,0,0,0,0,0,0,0
T00174,D12,V12,2026-08-03,09:25:00,09:52:00,27,12.44,24.7,53.1,12.912703,77.638068,12.962537,77.675493,2026-08-03 09:25:00,2026-08-03 09:52:00,27.0,27,10.551053962445959,11.115,24.7,53.1,0,0,0,0,0,0,1
T00175,D12,V12,2026-08-03,17:18:00,17:31:00,13,16.02,24.1,34.8,12.921661,77.644346,12.869531,77.622107,2026-08-03 17:18:00,2026-08-03 17:31:00,13.0,13,14.147064184644384,5.23,24.138461538461538,34.8,0,0,0,0,1,0,0
T00176,D12,V12,2026-08-02,10:52:00,11:02:00,10,9.34,25.6,40.7,12.923217,77.651595,12.888484,77.690547,2026-08-02 10:52:00,2026-08-02 11:02:00,10.0,10,7.425821077603661,4.275,25.65,40.7,0,0,0,1,1,0,0
T00177,D12,V12,2026-08-02,20:50:00,21:10:00,20,13.08,25.3,46.2,12.916209,77.635046,12.837508,77.623532,2026-08-02 20:50:00,2026-08-02 21:10:00,20.0,20,11.376992434328901,8.42,25.259999999999998,46.2,0,0,0,0,1,0,0
T00178,D12,V12,2026-08-03,12:43:00,13:24:00,41,10.35,17.6,52.4,12.924683,77.64846,12.916605,77.725108,2026-08-03 12:43:00,2026-08-03 13:24:00,41.0,41,9.613041286502117,12.018333333333334,17.587804878048782,52.4,0,0,0,0,0,0,1
T00179,D12,V12,2026-08-02,10:20:00,10:41:00,21,9.38,34.7,63.7,12.911086,77.649144,12.855705,77.639112,2026-08-02 10:20:00,2026-08-02 10:41:00,21.0,21,7.39521858209288,12.139999999999999,34.68571428571428,63.7,0,0,0,1,0,0,0
T00180,D12,V12,2026-08-05,15:35:00,16:03:00,28,14.63,22.3,48.8,12.908593,77.651142,12.862107,77.72746,2026-08-05 15:35:00,2026-08-05 16:03:00,28.0,28,12.477226534303732,10.401666666666667,22.289285714285715,48.8,0,0,0,0,1,0,0
T00181,D13,V13,2026-08-06,12:49:00,13:30:00,41,13.59,23.1,40.7,12.843509,77.660291,12.925389,77.662004,2026-08-06 12:49:00,2026-08-06 13:30:00,41.0,41,12.086495749543005,15.766666666666667,23.073170731707318,40.7,0,0,0,0,0,0,0
T00182,D13,V13,2026-07-31,15:34:00,16:09:00,35,17.59,16.9,32.2,12.861791,77.64835,12.851494,77.558113,2026-07-31 15:34:00,2026-07-31 16:09:00,35.0,35,15.275251462734436,9.875,16.928571428571427,32.2,0,0,0,0,1,0,0
T00183,D13,V13,2026-07-31,12:01:00,12:26:00,25,13.92,17.5,31.7,12.835643,77.657248,12.772025,77.598573,2026-07-31 12:01:00,2026-07-31 12:26:00,25.0,25,12.074713588908065,7.306666666666667,17.535999999999998,31.7,0,0,0,0,1,0,0
T00184,D13,V13,2026-08-03,14:42:00,15:09:00,27,13.15,26.8,43.8,12.846253,77.66875,12.933873,77.607593,2026-08-03 14:42:00,2026-08-03 15:09:00,27.0,27,11.99200122787428,12.041666666666666,26.75925925925926,43.8,0,0,0,0,0,0,0
T00185,D13,V13,2026-08-02,21:03:00,21:35:00,32,14.95,26.5,40.9,12.854774,77.670693,12.866735,77.601232,2026-08-02 21:03:00,2026-08-02 21:35:00,32.0,32,13.77577391971938,14.158333333333333,26.546875,40.9,0,0,0,0,0,0,0
T00186,D13,V13,2026-08-04,20:38:00,21:18:00,40,15.28,32.9,61.8,12.83645,77.661091,12.762122,77.599756,2026-08-04 20:38:00,2026-08-04 21:18:00,40.0,40,14.249826171299416,21.90666666666667,32.86,61.8,0,0,0,0,1,0,1
T00187,D13,V13,2026-08-03,14:12:00,14:24:00,12,5.61,19.0,34.1,12.843399,77.65597,12.824052,77.636218,2026-08-03 14:12:00,2026-08-03 14:24:00,12.0,12,4.230265168185444,3.795,18.974999999999998,34.1,0,0,0,1,0,0,0
T00188,D13,V13,2026-08-06,11:26:00,11:47:00,21,7.91,27.2,47.2,12.847513,77.658233,12.881023,77.683157,2026-08-06 11:26:00,2026-08-06 11:47:00,21.0,21,6.922073479541254,9.508333333333333,27.166666666666668,47.2,0,0,0,0,0,0,0
T00189,D13,V13,2026-08-06,10:57:00,11:23:00,26,10.33,20.9,40.2,12.840657,77.654786,12.815806,77.715444,2026-08-06 10:57:00,2026-08-06 11:23:00,26.0,26,9.18108016848012,9.07,20.930769230769233,40.2,0,0,0,0,0,0,0
T00190,D13,V13,2026-07-31,14:40:00,14:54:00,14,11.21,34.6,40.9,12.852694,77.660395,12.860815,77.609659,2026-07-31 14:40:00,2026-07-31 14:54:00,14.0,14,8.562499922067694,8.073333333333332,34.6,40.9,0,0,0,1,1,0,0
T00191,D13,V13,2026-08-03,10:07:00,10:29:00,22,9.64,21.6,43.0,12.856634,77.652665,12.914172,77.684115,2026-08-03 10:07:00,2026-08-03 10:29:00,22.0,22,8.213579325612498,7.9366666666666665,21.645454545454545,43.0,0,0,0,0,0,0,0
T00192,D13,V13,2026-08-02,07:44:00,08:29:00,45,27.12,28.7,48.6,12.845571,77.659142,13.000259,77.697442,2026-08-02 07:44:00,2026-08-02 08:29:00,45.0,45,25.32588130463228,21.508333333333333,28.677777777777777,48.6,0,0,0,0,1,0,0
T00193,D13,V13,2026-08-02,15:42:00,16:10:00,28,13.45,23.2,37.3,12.840561,77.659899,12.923922,77.669599,2026-08-02 15:42:00,2026-08-02 16:10:00,28.0,28,11.903833167848592,10.806666666666667,23.157142857142855,37.3,0,0,0,0,0,0,0
T00194,D13,V13,2026-08-04,17:58:00,18:24:00,26,17.99,17.7,34.6,12.846844,77.644115,12.918292,77.562067,2026-08-04 17:58:00,2026-08-04 18:24:00,26.0,26,15.698290346184065,7.665,17.68846153846154,34.6,0,0,0,0,1,0,0
T00195,D13,V13,2026-07-31,07:23:00,08:00:00,37,9.88,27.8,47.6,12.8472,77.65508,12.820344,77.716671,2026-07-31 07:23:00,2026-07-31 08:00:00,37.0,37,9.251030490838298,17.165000000000003,27.835135135135136,47.6,0,0,0,0,1,0,0
T00196,D14,V14,2026-07-31,14:57:00,15:30:00,33,5.98,22.6,63.1,12.991452,77.558567,13.018921,77.570669,2026-07-31 14:57:00,2026-07-31 15:30:00,33.0,33,5.345390091893917,12.448333333333332,22.633333333333333,63.1,1,1,0,0,1,0,1
T00197,D14,V14,2026-08-05,15:38:00,15:48:00,10,4.83,26.7,58.6,12.976299,77.549053,12.989654,77.521908,2026-08-05 15:38:00,2026-08-05 15:48:00,10.0,10,3.562758262018734,4.448333333333333,26.689999999999998,58.6,0,0,0,1,0,0,1
T00198,D14,V14,2026-08-02,10:51:00,11:25:00,34,8.37,19.5,51.1,12.987831,77.553162,12.948488,77.593716,2026-08-02 10:51:00,2026-08-02 11:25:00,34.0,34,7.92053426555869,11.043333333333333,19.488235294117647,51.1,0,0,0,0,0,0,0
T00199,D14,V14,2026-08-01,21:36:00,21:46:00,10,2.67,25.3,43.6,12.996729,77.551289,13.010541,77.542035,2026-08-01 21:36:00,2026-08-01 21:46:00,10.0,10,2.122522504398816,4.221666666666667,25.330000000000002,43.6,0,0,0,1,0,0,0
T00200,D14,V14,2026-08-01,08:51:00,09:21:00,30,16.72,23.4,57.9,12.98065,77.565913,12.861059,77.577348,2026-08-01 08:51:00,2026-08-01 09:21:00,30.0,30,14.571862224990868,11.708333333333334,23.416666666666668,57.9,0,0,0,0,1,0,1
T00201,D14,V14,2026-08-05,19:14:00,19:46:00,32,9.17,29.4,60.5,12.986178,77.560488,12.940437,77.601511,2026-08-05 19:14:00,2026-08-05 19:46:00,32.0,32,8.351659432452808,15.701666666666666,29.440625,60.5,0,0,0,0,1,0,0
T00202,D14,V14,2026-08-03,11:13:00,11:58:00,45,23.69,28.3,52.0,12.992891,77.57415,13.067206,77.720363,2026-08-03 11:13:00,2026-08-03 11:58:00,45.0,45,21.225698955499645,21.233333333333334,28.31111111111111,52.0,0,0,0,0,0,0,0
T00203,D14,V14,2026-08-06,07:38:00,07:48:00,10,4.03,23.7,47.8,12.994256,77.555989,12.969182,77.557596,2026-08-06 07:38:00,2026-08-06 07:48:00,10.0,10,3.0777097730006084,3.95,23.7,47.8,0,0,0,1,0,0,0
T00204,D14,V14,2026-08-05,11:18:00,11:50:00,32,15.46,31.6,65.5,12.991437,77.557522,13.07706,77.489609,2026-08-05 11:18:00,2026-08-05 11:50:00,32.0,32,13.856250208762956,16.866666666666667,31.625,65.5,0,0,0,0,0,0,1
T00205,D14,V14,2026-08-05,07:07:00,07:27:00,20,13.49,21.0,44.1,12.996896,77.566758,13.022662,77.650072,2026-08-05 07:07:00,2026-08-05 07:27:00,20.0,20,10.811647414234844,7.016666666666667,21.05,44.1,0,0,0,0,1,0,0
T00206,D14,V14,2026-07-31,14:21:00,15:04:00,43,18.53,22.0,60.3,12.980663,77.557864,13.100541,77.593315,2026-07-31 14:21:00,2026-07-31 15:04:00,43.0,43,16.67442660636493,15.776666666666667,22.013953488372092,60.3,1,1,0,0,0,0,1
T00207,D14,V14,2026-07-31,06:07:00,06:52:00,45,13.04,30.9,61.2,13.015783,77.562847,12.949307,77.505909,2026-07-31 06:07:00,2026-07-31 06:52:00,45.0,45,12.418306805291168,23.19333333333333,30.924444444444443,61.2,0,0,0,0,1,0,1
T00208,D14,V14,2026-07-31,17:44:00,18:28:00,44,14.23,19.0,44.8,12.994681,77.554573,12.894782,77.566592,2026-07-31 17:44:00,2026-07-31 18:28:00,44.0,44,12.785007465584744,13.941666666666666,19.011363636363637,44.8,0,0,0,0,0,0,0
T00209,D14,V14,2026-08-05,21:07:00,21:30:00,23,6.0,33.0,62.6,12.993515,77.554569,13.031682,77.552164,2026-08-05 21:07:00,2026-08-05 21:30:00,23.0,23,5.084049762715104,12.656666666666666,33.017391304347825,62.6,0,0,0,0,1,0,0
T00210,D14,V14,2026-07-31,21:51:00,22:06:00,15,8.02,25.0,55.3,12.990015,77.545762,12.97015,77.597572,2026-07-31 21:51:00,2026-07-31 22:06:00,15.0,15,6.92340245247456,6.25,25.0,55.3,0,0,0,0,0,0,0
T00211,D15,V15,2026-08-04,19:44:00,19:59:00,15,5.9,24.7,48.7,12.93269,77.666975,12.934482,77.708115,2026-08-04 19:44:00,2026-08-04 19:59:00,15.0,15,4.976362914350419,6.171666666666667,24.686666666666667,48.7,1,1,0,0,0,0,0
T00212,D15,V15,2026-08-03,13:14:00,13:39:00,25,13.7,17.4,30.9,12.921012,77.66556,12.928435,77.758305,2026-08-03 13:14:00,2026-08-03 13:39:00,25.0,25,12.567758993956222,7.238333333333333,17.372,30.9,0,0,0,0,1,0,0
T00213,D15,V15,2026-08-03,07:50:00,08:22:00,32,27.34,29.7,52.5,12.923453,77.652686,12.779741,77.643129,2026-08-03 07:50:00,2026-08-03 08:22:00,32.0,32,24.88920363321345,15.845,29.709375,52.5,0,0,0,0,1,0,0
T00214,D15,V15,2026-08-05,10:09:00,10:51:00,42,29.08,21.1,42.9,12.929727,77.67214,13.106549,77.659831,2026-08-05 10:09:00,2026-08-05 10:51:00,42.0,42,26.60052484445427,14.738333333333333,21.054761904761904,42.9,0,0,0,0,1,0,0
T00215,D15,V15,2026-08-05,21:21:00,21:43:00,22,15.83,24.8,42.4,12.920811,77.664787,13.001394,77.71208,2026-08-05 21:21:00,2026-08-05 21:43:00,22.0,22,13.988296990379578,9.081666666666667,24.768181818181816,42.4,0,0,0,0,1,0,0
T00216,D15,V15,2026-08-05,19:03:00,19:48:00,45,15.39,26.1,46.9,12.9173,77.654497,12.819876,77.660151,2026-08-05 19:03:00,2026-08-05 19:48:00,45.0,45,13.211369828396357,19.548333333333336,26.064444444444447,46.9,0,0,0,0,1,0,0
T00217,D15,V15,2026-08-04,17:03:00,17:45:00,42,18.22,19.2,36.0,12.917194,77.665722,12.807439,77.703786,2026-08-04 17:03:00,2026-08-04 17:45:00,42.0,42,16.8769126746044,13.406666666666666,19.152380952380952,36.0,0,0,0,0,1,0,0
T00218,D15,V15,2026-08-02,13:48:00,14:15:00,27,10.93,18.6,29.6,12.925119,77.676,12.923801,77.747905,2026-08-02 13:48:00,2026-08-02 14:15:00,27.0,27,9.576730899605183,8.376666666666667,18.614814814814817,29.6,0,0,0,0,0,0,0
T00219,D15,V15,2026-08-04,19:35:00,20:17:00,42,15.24,16.9,38.8,12.916136,77.673802,12.956238,77.769237,2026-08-04 19:35:00,2026-08-04 20:17:00,42.0,42,13.990764336311699,11.835,16.90714285714286,38.8,1,1,0,0,1,0,0
T00220,D15,V15,2026-08-05,14:32:00,15:13:00,41,9.42,19.6,45.0,12.924248,77.671856,12.885804,77.702268,2026-08-05 14:32:00,2026-08-05 15:13:00,41.0,41,8.399695273196276,13.408333333333333,19.621951219512194,45.0,0,0,0,0,1,0,0
T00221,D15,V15,2026-08-02,12:42:00,12:55:00,13,11.28,18.1,30.0,12.924338,77.672968,12.966492,77.671186,2026-08-02 12:42:00,2026-08-02 12:55:00,13.0,13,8.6097101028891,3.9233333333333333,18.107692307692307,30.0,0,0,0,1,1,0,0
T00222,D15,V15,2026-08-04,17:52:00,18:28:00,36,16.74,28.8,45.2,12.930983,77.668758,13.008558,77.704384,2026-08-04 17:52:00,2026-08-04 18:28:00,36.0,36,15.227407713510571,17.28166666666667,28.80277777777778,45.2,0,0,0,0,0,0,0
T00223,D15,V15,2026-08-02,10:57:00,11:36:00,39,17.99,24.9,46.7,12.926825,77.664012,13.013285,77.630262,2026-08-02 10:57:00,2026-08-02 11:36:00,39.0,39,15.339594236116756,16.215,24.946153846153845,46.7,0,0,0,0,0,0,0
T00224,D15,V15,2026-08-03,11:25:00,11:38:00,13,7.79,18.2,26.3,12.92176,77.661011,12.949414,77.66922,2026-08-03 11:25:00,2026-08-03 11:38:00,13.0,13,6.459257045199888,3.9516666666666667,18.23846153846154,26.3,0,0,0,0,1,0,0
T00225,D15,V15,2026-07-31,16:46:00,17:31:00,45,20.93,30.1,46.2,12.925606,77.675578,12.85334,77.79646,2026-07-31 16:46:00,2026-07-31 17:31:00,45.0,45,19.267671850656434,22.575,30.1,46.2,0,0,0,0,0,0,0
T00226,D16,V16,2026-08-03,11:13:00,11:46:00,33,13.75,29.0,36.4,12.905528,77.625177,12.820289,77.665065,2026-08-03 11:13:00,2026-08-03 11:46:00,33.0,33,12.121481569712472,15.926666666666668,28.957575757575757,36.4,0,0,0,0,0,0,0
T00227,D16,V16,2026-08-04,14:43:00,15:27:00,44,17.6,20.0,35.0,12.913008,77.614909,12.842432,77.715255,2026-08-04 14:43:00,2026-08-04 15:27:00,44.0,44,16.49434165170359,14.671666666666665,20.00681818181818,35.0,0,0,0,0,0,0,0
T00228,D16,V16,2026-07-31,06:25:00,06:51:00,26,15.45,27.7,33.1,12.90507,77.611345,12.85346,77.538496,2026-07-31 06:25:00,2026-07-31 06:51:00,26.0,26,13.986057785758574,12.004999999999999,27.70384615384615,33.1,0,0,0,0,1,0,0
T00229,D16,V16,2026-08-03,07:13:00,07:34:00,21,6.41,22.1,34.0,12.907416,77.610955,12.864907,77.598192,2026-08-03 07:13:00,2026-08-03 07:34:00,21.0,21,5.711009927436767,7.725,22.071428571428573,34.0,0,0,0,0,0,0,0
T00230,D16,V16,2026-07-31,17:49:00,18:24:00,35,20.13,28.7,39.9,12.898222,77.619932,12.796929,77.673072,2026-07-31 17:49:00,2026-07-31 18:24:00,35.0,35,18.40207643425162,16.763333333333332,28.737142857142857,39.9,0,0,0,0,1,0,0
T00231,D16,V16,2026-08-03,12:54:00,13:21:00,27,10.89,20.4,27.7,12.914025,77.610037,12.978563,77.60437,2026-08-03 12:54:00,2026-08-03 13:21:00,27.0,27,9.51078837908742,9.188333333333333,20.418518518518518,27.7,1,1,0,0,0,0,0
T00232,D16,V16,2026-08-02,12:19:00,12:43:00,24,16.32,23.7,33.6,12.899351,77.605032,12.923032,77.509266,2026-08-02 12:19:00,2026-08-02 12:43:00,24.0,24,14.07078874569604,9.496666666666666,23.741666666666664,33.6,0,0,0,0,1,0,0
T00233,D16,V16,2026-08-06,10:46:00,11:03:00,17,6.13,27.4,38.5,12.899,77.624783,12.854184,77.617906,2026-08-06 10:46:00,2026-08-06 11:03:00,17.0,17,5.34196944034106,7.763333333333334,27.400000000000002,38.5,0,0,0,0,0,0,0
T00234,D16,V16,2026-08-04,17:08:00,17:51:00,43,30.63,24.6,37.5,12.898592,77.615783,13.093539,77.575471,2026-08-04 17:08:00,2026-08-04 17:51:00,43.0,43,27.899734916311893,17.605,24.565116279069766,37.5,0,0,0,0,1,0,0
T00235,D16,V16,2026-08-01,19:46:00,20:25:00,39,15.57,30.7,39.6,12.906711,77.621931,13.001635,77.581765,2026-08-01 19:46:00,2026-08-01 20:25:00,39.0,39,14.230399348604111,19.946666666666665,30.687179487179485,39.6,0,0,0,0,1,0,0
T00236,D16,V16,2026-07-31,13:33:00,14:10:00,37,19.49,28.5,37.9,12.898519,77.617559,12.985016,77.513214,2026-07-31 13:33:00,2026-07-31 14:10:00,37.0,37,17.577566018744523,17.58833333333333,28.52162162162162,37.9,0,0,0,0,0,0,0
T00237,D16,V16,2026-08-01,06:29:00,06:49:00,20,7.56,28.3,39.4,12.911036,77.622611,12.919284,77.673455,2026-08-01 06:29:00,2026-08-01 06:49:00,20.0,20,6.706827188550035,9.435,28.305,39.4,0,0,0,0,0,0,0
T00238,D16,V16,2026-08-03,06:02:00,06:27:00,25,14.04,29.7,36.1,12.913999,77.632405,12.853332,77.695755,2026-08-03 06:02:00,2026-08-03 06:27:00,25.0,25,13.040356968785055,12.381666666666666,29.715999999999998,36.1,0,0,0,0,0,0,0
T00239,D16,V16,2026-08-03,13:20:00,13:47:00,27,10.67,17.2,28.8,12.9057,77.607556,12.873685,77.541708,2026-08-03 13:20:00,2026-08-03 13:47:00,27.0,27,10.011654892044003,7.741666666666666,17.203703703703702,28.8,1,1,0,0,0,0,0
T00240,D16,V16,2026-08-01,13:06:00,13:47:00,41,27.28,19.5,28.0,12.900624,77.62282,12.84409,77.80012,2026-08-01 13:06:00,2026-08-01 13:47:00,41.0,41,25.611205378278157,13.353333333333333,19.541463414634148,28.0,0,0,0,0,1,0,0
T00241,D17,V17,2026-08-03,11:38:00,12:08:00,30,13.13,19.4,32.9,12.841787,77.645252,12.765331,77.597634,2026-08-03 11:38:00,2026-08-03 12:08:00,30.0,30,11.713643093867269,9.723333333333333,19.446666666666665,32.9,0,0,0,0,1,0,0
T00242,D17,V17,2026-08-04,08:46:00,09:16:00,30,18.11,25.6,45.0,12.845123,77.659281,12.95962,77.633315,2026-08-04 08:46:00,2026-08-04 09:16:00,30.0,30,16.351548870205747,12.78,25.56,45.0,0,0,0,0,1,0,0
T00243,D17,V17,2026-08-05,19:32:00,20:09:00,37,24.36,27.4,52.0,12.847923,77.654092,12.891669,77.527037,2026-08-05 19:32:00,2026-08-05 20:09:00,37.0,37,22.595216329943028,16.878333333333334,27.37027027027027,52.0,0,0,0,0,1,0,0
T00244,D17,V17,2026-08-06,15:20:00,15:53:00,33,20.93,27.4,48.0,12.851017,77.655082,12.799553,77.552335,2026-08-06 15:20:00,2026-08-06 15:53:00,33.0,33,18.717494638503005,15.068333333333333,27.3969696969697,48.0,0,0,0,0,1,0,0
T00245,D17,V17,2026-08-04,19:28:00,20:07:00,39,14.98,27.0,44.7,12.835883,77.663595,12.82949,77.590375,2026-08-04 19:28:00,2026-08-04 20:07:00,39.0,39,13.992522377613085,17.525,26.96153846153846,44.7,0,0,0,0,0,0,0
T00246,D17,V17,2026-08-04,13:43:00,14:27:00,44,28.62,28.0,45.2,12.861428,77.650189,12.995328,77.605002,2026-08-04 13:43:00,2026-08-04 14:27:00,44.0,44,26.06747222637269,20.509999999999998,27.968181818181815,45.2,0,0,0,0,1,0,0
T00247,D17,V17,2026-08-05,12:23:00,12:50:00,27,9.65,31.6,49.6,12.855841,77.660626,12.875998,77.705199,2026-08-05 12:23:00,2026-08-05 12:50:00,27.0,27,8.886954888606622,14.231666666666666,31.625925925925927,49.6,0,0,0,0,1,0,0
T00248,D17,V17,2026-07-31,12:10:00,12:41:00,31,17.34,24.8,38.0,12.853526,77.664332,12.737732,77.700293,2026-07-31 12:10:00,2026-07-31 12:41:00,31.0,31,16.187119271489642,12.831666666666667,24.835483870967742,38.0,0,0,0,0,1,0,0
T00249,D17,V17,2026-07-31,06:34:00,06:47:00,13,6.67,28.2,44.5,12.842175,77.671293,12.820284,77.696944,2026-07-31 06:34:00,2026-07-31 06:47:00,13.0,13,5.548490012554984,6.118333333333334,28.23846153846154,44.5,0,0,0,0,0,0,0
T00250,D17,V17,2026-07-31,09:04:00,09:37:00,33,14.64,25.1,48.3,12.8415,77.660355,12.756924,77.675839,2026-07-31 09:04:00,2026-07-31 09:37:00,33.0,33,13.417740145882007,13.79,25.07272727272727,48.3,0,0,0,0,0,0,0
T00251,D17,V17,2026-08-01,21:54:00,22:07:00,13,3.82,21.6,38.0,12.853266,77.664664,12.879546,77.645724,2026-08-01 21:54:00,2026-08-01 22:07:00,13.0,13,3.615642203676157,4.6899999999999995,21.646153846153844,38.0,0,0,0,0,0,0,0
T00252,D17,V17,2026-08-02,12:37:00,13:21:00,44,18.93,25.3,42.7,12.839374,77.654811,12.716681,77.673108,2026-08-02 12:37:00,2026-08-02 13:21:00,44.0,44,17.506077499902787,18.558333333333334,25.306818181818183,42.7,0,0,0,0,0,0,0
T00253,D17,V17,2026-07-31,20:24:00,20:55:00,31,19.45,20.1,39.4,12.850061,77.65764,12.825535,77.548299,2026-07-31 20:24:00,2026-07-31 20:55:00,31.0,31,17.28248828351067,10.405,20.138709677419353,39.4,0,0,0,0,1,0,0
T00254,D17,V17,2026-08-02,21:33:00,21:45:00,12,5.77,18.1,35.2,12.855565,77.649403,12.830313,77.62361,2026-08-02 21:33:00,2026-08-02 21:45:00,12.0,12,4.796049289840378,3.615,18.075,35.2,0,0,0,0,0,0,0
T00255,D17,V17,2026-08-05,16:45:00,17:06:00,21,9.18,29.3,42.8,12.83643,77.661855,12.886362,77.637767,2026-08-05 16:45:00,2026-08-05 17:06:00,21.0,21,7.882318875788103,10.263333333333332,29.323809523809523,42.8,0,0,0,0,0,0,0
T00256,D18,V18,2026-07-31,13:02:00,13:27:00,25,17.39,21.1,27.7,13.043169,77.556968,13.132587,77.631501,2026-07-31 13:02:00,2026-07-31 13:27:00,25.0,25,16.237996898617826,8.788333333333332,21.092,27.7,0,0,0,0,1,0,0
T00257,D18,V18,2026-08-05,08:04:00,08:22:00,18,10.19,21.6,30.3,13.0278,77.544559,13.094089,77.544198,2026-08-05 08:04:00,2026-08-05 08:22:00,18.0,18,8.582636175629455,6.488333333333333,21.62777777777778,30.3,0,0,0,0,1,0,0
T00258,D18,V18,2026-07-31,06:16:00,06:35:00,19,9.49,24.4,32.6,13.035656,77.557484,13.070504,77.509364,2026-07-31 06:16:00,2026-07-31 06:35:00,19.0,19,8.1268569407929,7.74,24.442105263157895,32.6,0,0,0,0,0,0,0
T00259,D18,V18,2026-08-06,21:27:00,22:06:00,39,24.03,20.1,32.2,13.046333,77.555884,13.188416,77.496481,2026-08-06 21:27:00,2026-08-06 22:06:00,39.0,39,21.79548043484527,13.086666666666668,20.133333333333333,32.2,0,0,0,0,1,0,0
T00260,D18,V18,2026-08-05,09:31:00,10:06:00,35,18.03,27.5,35.0,13.016735,77.5613,13.063558,77.658515,2026-08-05 09:31:00,2026-08-05 10:06:00,35.0,35,16.64487767109075,16.06,27.531428571428574,35.0,1,1,0,0,0,0,0
T00261,D18,V18,2026-08-01,14:22:00,14:50:00,28,16.32,31.1,39.1,13.032289,77.566951,13.022203,77.668599,2026-08-01 14:22:00,2026-08-01 14:50:00,28.0,28,14.715152964415852,14.491666666666667,31.053571428571427,39.1,0,0,0,0,0,0,0
T00262,D18,V18,2026-08-04,17:08:00,17:46:00,38,21.74,18.8,25.6,13.029757,77.560767,13.085889,77.68524,2026-08-04 17:08:00,2026-08-04 17:46:00,38.0,38,19.640877953239748,11.881666666666666,18.760526315789473,25.6,0,0,0,0,1,0,0
T00263,D18,V18,2026-08-05,18:51:00,19:16:00,25,12.79,30.4,38.1,13.028384,77.540544,13.093671,77.476436,2026-08-05 18:51:00,2026-08-05 19:16:00,25.0,25,11.508087635385166,12.665,30.396,38.1,0,0,0,0,0,0,0
T00264,D18,V18,2026-08-01,08:43:00,08:59:00,16,9.06,28.5,35.0,13.030249,77.559629,13.001815,77.510815,2026-08-01 08:43:00,2026-08-01 08:59:00,16.0,16,7.52253724994288,7.595,28.48125,35.0,0,0,0,0,0,0,0
T00265,D18,V18,2026-08-03,18:37:00,18:58:00,21,7.15,23.9,29.1,13.02198,77.552996,13.067869,77.543545,2026-08-03 18:37:00,2026-08-03 18:58:00,21.0,21,6.387889833971715,8.366666666666667,23.904761904761905,29.1,0,0,0,0,0,0,0
T00266,D18,V18,2026-07-31,17:07:00,17:18:00,11,8.56,32.0,39.3,13.014414,77.568815,13.047872,77.596873,2026-07-31 17:07:00,2026-07-31 17:18:00,11.0,11,7.2406240315819925,5.86,31.963636363636365,39.3,0,0,0,0,0,0,0
T00267,D18,V18,2026-08-05,06:10:00,06:35:00,25,10.82,24.4,35.0,13.04022,77.56345,13.059497,77.630622,2026-08-05 06:10:00,2026-08-05 06:35:00,25.0,25,9.973215073865227,10.176666666666668,24.424,35.0,0,0,0,0,0,0,0
T00268,D18,V18,2026-08-06,14:42:00,14:58:00,16,4.81,22.2,27.0,13.033056,77.559843,13.062763,77.546664,2026-08-06 14:42:00,2026-08-06 14:58:00,16.0,16,4.342056971226431,5.915,22.18125,27.0,0,0,0,0,0,0,0
T00269,D18,V18,2026-08-01,16:38:00,17:18:00,40,10.24,31.9,40.1,13.032653,77.558701,13.107163,77.537091,2026-08-01 16:38:00,2026-08-01 17:18:00,40.0,40,9.846150009788095,21.25166666666667,31.877500000000005,40.1,0,0,0,0,1,0,0
T00270,D18,V18,2026-08-05,08:51:00,09:35:00,44,13.13,21.0,31.8,13.025178,77.548448,12.973647,77.629697,2026-08-05 08:51:00,2026-08-05 09:35:00,44.0,44,12.402895540843932,15.393333333333334,20.990909090909092,31.8,1,1,0,0,0,0,0
T00271,D19,V19,2026-08-06,16:37:00,17:10:00,33,15.68,22.9,54.4,12.762717,77.790197,12.789512,77.688684,2026-08-06 16:37:00,2026-08-06 17:10:00,33.0,33,14.086868132473953,12.6,22.90909090909091,54.4,0,0,0,0,1,0,1
T00272,D19,V19,2026-08-02,08:05:00,08:20:00,15,8.79,19.9,33.4,12.774749,77.789457,12.72569,77.776695,2026-08-02 08:05:00,2026-08-02 08:20:00,15.0,15,7.096726259153074,4.968333333333334,19.873333333333335,33.4,0,0,0,0,1,0,0
T00273,D19,V19,2026-07-31,20:56:00,21:41:00,45,2.29,28.1,53.2,12.775285,77.778896,12.769126,77.774474,2026-07-31 20:56:00,2026-07-31 21:41:00,45.0,45,2.186052301209893,21.038333333333334,28.05111111111111,53.2,0,0,0,0,1,0,0
T00274,D19,V19,2026-08-02,21:08:00,21:46:00,38,13.42,17.0,46.6,12.780883,77.771407,12.837347,77.713836,2026-08-02 21:08:00,2026-08-02 21:46:00,38.0,38,12.64767956074306,10.773333333333333,17.010526315789473,46.6,0,0,0,0,0,0,0
T00275,D19,V19,2026-07-31,13:51:00,14:06:00,15,7.19,18.5,44.3,12.785886,77.77322,12.800776,77.815006,2026-07-31 13:51:00,2026-07-31 14:06:00,15.0,15,6.215586556626696,4.63,18.52,44.3,0,0,0,0,0,0,0
T00276,D19,V19,2026-08-01,18:52:00,19:33:00,41,18.11,32.4,59.1,12.76287,77.772043,12.64238,77.797309,2026-08-01 18:52:00,2026-08-01 19:33:00,41.0,41,17.265247341822743,22.113333333333333,32.360975609756096,59.1,0,0,0,0,1,0,0
T00277,D19,V19,2026-07-31,06:39:00,06:52:00,13,7.32,26.5,54.9,12.778247,77.776324,12.73666,77.794089,2026-07-31 06:39:00,2026-07-31 06:52:00,13.0,13,6.030894312379803,5.743333333333334,26.50769230769231,54.9,0,0,0,0,0,0,0
T00278,D19,V19,2026-08-06,08:36:00,08:47:00,11,5.63,29.8,57.8,12.761512,77.787997,12.730154,77.792475,2026-08-06 08:36:00,2026-08-06 08:47:00,11.0,11,4.776211620264053,5.465,29.80909090909091,57.8,1,1,0,0,0,0,0
T00279,D19,V19,2026-08-01,09:26:00,09:43:00,17,10.28,18.9,46.8,12.777999,77.769787,12.833207,77.735378,2026-08-01 09:26:00,2026-08-01 09:43:00,17.0,17,8.183308567499228,5.3533333333333335,18.894117647058824,46.8,0,0,0,1,1,0,0
T00280,D19,V19,2026-08-02,10:49:00,10:59:00,10,4.99,25.9,50.5,12.784956,77.773644,12.803615,77.79646,2026-08-02 10:49:00,2026-08-02 10:59:00,10.0,10,4.018893351133758,4.3100000000000005,25.860000000000003,50.5,0,0,0,0,0,0,0
T00281,D19,V19,2026-08-06,08:30:00,08:43:00,13,4.37,16.0,36.6,12.778744,77.78994,12.799399,77.811447,2026-08-06 08:30:00,2026-08-06 08:43:00,13.0,13,3.3729681242210927,3.4650000000000003,15.992307692307692,36.6,1,1,0,1,0,0,0
T00282,D19,V19,2026-08-02,15:52:00,16:02:00,10,4.61,33.4,58.6,12.779101,77.770045,12.804208,77.766184,2026-08-02 15:52:00,2026-08-02 16:02:00,10.0,10,3.9081662689656014,5.573333333333333,33.44,58.6,0,0,0,0,0,0,0
T00283,D19,V19,2026-08-02,16:30:00,17:14:00,44,20.12,23.1,48.7,12.769686,77.772668,12.634773,77.85211,2026-08-02 16:30:00,2026-08-02 17:14:00,44.0,44,19.225739917453332,16.961666666666666,23.129545454545454,48.7,0,0,0,0,1,0,0
T00284,D19,V19,2026-08-06,14:04:00,14:19:00,15,7.82,21.7,63.3,12.777397,77.775668,12.815278,77.80624,2026-08-06 14:04:00,2026-08-06 14:19:00,15.0,15,7.312268108308291,5.426666666666667,21.706666666666667,63.3,0,0,0,0,0,0,0
T00285,D19,V19,2026-08-06,09:26:00,09:44:00,18,5.69,34.5,58.8,12.774972,77.772121,12.744649,77.741574,2026-08-06 09:26:00,2026-08-06 09:44:00,18.0,18,5.199350594288195,10.336666666666668,34.455555555555556,58.8,0,0,0,0,1,0,0
T00286,D20,V20,2026-08-04,20:16:00,20:29:00,13,6.86,22.7,40.1,12.777114,77.779661,12.741937,77.751511,2026-08-04 20:16:00,2026-08-04 20:29:00,13.0,13,5.773032134727538,4.908333333333333,22.653846153846153,40.1,0,0,0,0,0,0,0
T00287,D20,V20,2026-08-04,06:05:00,06:19:00,14,8.26,31.2,44.6,12.790248,77.778761,12.755075,77.740642,2026-08-04 06:05:00,2026-08-04 06:19:00,14.0,14,6.873548407236203,7.28,31.2,44.6,0,0,0,0,0,0,0
T00288,D20,V20,2026-07-31,06:33:00,07:12:00,39,12.0,24.0,39.7,12.774948,77.779714,12.722275,77.745312,2026-07-31 06:33:00,2026-07-31 07:12:00,39.0,39,10.852799254785225,15.611666666666668,24.01794871794872,39.7,0,0,0,0,1,0,0
T00289,D20,V20,2026-08-02,14:20:00,14:32:00,12,4.03,18.4,28.5,12.784309,77.77312,12.76903,77.754424,2026-08-02 14:20:00,2026-08-02 14:32:00,12.0,12,3.1749739939251294,3.671666666666667,18.358333333333334,28.5,0,0,0,1,0,0,0
T00290,D20,V20,2026-08-06,08:35:00,09:02:00,27,10.25,31.0,48.4,12.776356,77.769488,12.736067,77.746499,2026-08-06 08:35:00,2026-08-06 09:02:00,27.0,27,9.262386391111672,13.943333333333333,30.985185185185188,48.4,0,0,0,0,1,0,0
T00291,D20,V20,2026-08-06,16:53:00,17:03:00,10,4.51,20.9,30.4,12.773749,77.776932,12.769918,77.799556,2026-08-06 16:53:00,2026-08-06 17:03:00,10.0,10,3.5433822099779198,3.4916666666666667,20.95,30.4,0,0,0,1,0,0,0
T00292,D20,V20,2026-08-01,08:20:00,08:48:00,28,22.32,23.9,42.1,12.772288,77.785125,12.876202,77.742994,2026-08-01 08:20:00,2026-08-01 08:48:00,28.0,28,19.275225200589357,11.173333333333334,23.942857142857143,42.1,0,0,0,1,1,0,0
T00293,D20,V20,2026-08-06,10:16:00,10:46:00,30,15.03,22.9,37.5,12.772361,77.787917,12.678226,77.797234,2026-08-06 10:16:00,2026-08-06 10:46:00,30.0,30,13.681280025102254,11.43,22.86,37.5,0,0,0,0,1,0,0
T00294,D20,V20,2026-08-01,21:33:00,22:17:00,44,21.19,24.3,39.4,12.766446,77.778866,12.687456,77.641595,2026-08-01 21:33:00,2026-08-01 22:17:00,44.0,44,19.82868820601206,17.853333333333335,24.345454545454547,39.4,0,0,0,0,1,0,0
T00295,D20,V20,2026-08-03,15:59:00,16:10:00,11,6.97,23.6,47.9,12.787322,77.774516,12.825854,77.768267,2026-08-03 15:59:00,2026-08-03 16:10:00,11.0,11,5.52122539778807,4.333333333333333,23.636363636363637,47.9,0,0,0,1,0,0,0
T00296,D20,V20,2026-08-05,21:45:00,22:15:00,30,18.68,26.0,41.5,12.771871,77.770652,12.645367,77.739826,2026-08-05 21:45:00,2026-08-05 22:15:00,30.0,30,17.428398652274083,12.991666666666667,25.983333333333334,41.5,0,0,0,0,1,0,0
T00297,D20,V20,2026-08-04,08:34:00,08:57:00,23,14.04,28.6,49.9,12.774765,77.770779,12.790036,77.673572,2026-08-04 08:34:00,2026-08-04 08:57:00,23.0,23,12.163019695738793,10.958333333333334,28.58695652173913,49.9,0,0,0,0,1,0,0
T00298,D20,V20,2026-08-06,16:19:00,16:43:00,24,8.45,22.3,33.6,12.773214,77.770862,12.789296,77.824389,2026-08-06 16:19:00,2026-08-06 16:43:00,24.0,24,7.496715882126189,8.931666666666667,22.329166666666666,33.6,0,0,0,0,0,0,0
T00299,D20,V20,2026-08-02,09:24:00,09:56:00,32,12.68,24.2,44.1,12.777973,77.778784,12.805574,77.722085,2026-08-02 09:24:00,2026-08-02 09:56:00,32.0,32,11.364429782202416,12.92,24.225,44.1,0,0,0,0,0,0,0
T00300,D20,V20,2026-08-04,07:38:00,08:21:00,43,24.19,23.5,37.3,12.775083,77.770222,12.903515,77.679631,2026-08-04 07:38:00,2026-08-04 08:21:00,43.0,43,23.010849761198592,16.869999999999997,23.53953488372093,37.3,0,0,0,0,1,0,0
T00301,D21,V21,2026-07-31,08:02:00,08:43:00,41,18.17,27.5,48.1,12.960144,77.606451,12.827577,77.569407,2026-07-31 08:02:00,2026-07-31 08:43:00,41.0,41,16.832535987300304,18.798333333333336,27.509756097560977,48.1,0,0,0,0,0,0,0
T00302,D21,V23,2026-08-01,12:34:00,13:06:00,32,15.77,21.1,44.3,12.973577,77.598822,12.932084,77.675587,2026-08-01 12:34:00,2026-08-01 13:06:00,32.0,32,13.522143231655342,11.24,21.075,44.3,0,0,1,0,1,0,0
T00303,D21,V21,2026-08-04,12:57:00,13:28:00,31,13.29,31.1,50.6,12.990543,77.599503,13.091564,77.590452,2026-08-04 12:57:00,2026-08-04 13:28:00,31.0,31,12.380061087690471,16.093333333333334,31.148387096774194,50.6,0,0,0,0,0,0,0
T00304,D21,V21,2026-08-03,08:08:00,08:53:00,45,16.69,24.8,46.5,12.985542,77.605352,13.099795,77.643394,2026-08-03 08:08:00,2026-08-03 08:53:00,45.0,45,15.470427640649149,18.563333333333333,24.75111111111111,46.5,1,0,0,0,0,0,0
T00305,D21,V21,2026-08-05,15:29:00,15:42:00,13,5.13,20.9,31.0,12.977807,77.598717,13.012725,77.58873,2026-08-05 15:29:00,2026-08-05 15:42:00,13.0,13,4.36818020470809,4.5216666666666665,20.86923076923077,31.0,0,0,0,0,0,0,0
T00306,D21,V21,2026-07-31,10:06:00,10:39:00,33,11.58,30.8,46.8,12.977851,77.606936,13.004024,77.69168,2026-07-31 10:06:00,2026-07-31 10:39:00,33.0,33,10.882051722966931,16.966666666666665,30.848484848484848,46.8,0,0,0,0,1,0,0
T00307,D21,V29,2026-08-03,07:40:00,08:18:00,38,9.46,18.0,31.6,12.972842,77.603291,12.940913,77.561789,2026-08-03 07:40:00,2026-08-03 08:18:00,38.0,38,8.739512815026693,11.423333333333334,18.03684210526316,31.6,1,0,1,0,0,0,0
T00308,D21,V21,2026-08-05,18:48:00,19:27:00,39,19.68,27.8,45.0,12.974996,77.592699,12.993953,77.448035,2026-08-05 18:48:00,2026-08-05 19:27:00,39.0,39,17.74019336987308,18.073333333333334,27.805128205128206,45.0,0,0,0,0,0,0,0
T00309,D21,V21,2026-08-04,16:12:00,16:45:00,33,13.11,20.2,35.8,12.980274,77.612112,13.060175,77.593696,2026-08-04 16:12:00,2026-08-04 16:45:00,33.0,33,12.313260459895279,11.128333333333334,20.233333333333334,35.8,0,0,0,0,0,0,0
T00310,D21,V21,2026-08-02,18:49:00,19:15:00,26,8.85,25.4,38.4,12.967992,77.614853,12.96012,77.682227,2026-08-02 18:49:00,2026-08-02 19:15:00,26.0,26,8.2705823981033,10.995000000000001,25.373076923076926,38.4,0,0,0,0,0,0,0
T00311,D21,V21,2026-07-31,11:35:00,12:12:00,37,11.33,26.1,59.5,12.965192,77.599059,12.900618,77.572075,2026-07-31 11:35:00,2026-07-31 12:12:00,37.0,37,10.244305766208038,16.08833333333333,26.089189189189188,59.5,0,0,0,0,1,0,0
T00312,D21,V21,2026-08-05,14:55:00,15:29:00,34,21.52,19.3,37.7,12.979031,77.598294,13.106771,77.529286,2026-08-05 14:55:00,2026-08-05 15:29:00,34.0,34,19.799456301469736,10.955,19.33235294117647,37.7,0,0,0,0,1,0,0
T00313,D21,V21,2026-08-06,08:37:00,09:01:00,24,14.88,24.2,39.9,12.968358,77.606051,13.048922,77.550931,2026-08-06 08:37:00,2026-08-06 09:01:00,24.0,24,13.015276310105147,9.68,24.2,39.9,0,0,0,0,1,0,0
T00314,D21,V21,2026-08-06,12:02:00,12:32:00,30,16.1,25.8,43.3,12.974296,77.611167,12.906655,77.705228,2026-08-06 12:02:00,2026-08-06 12:32:00,30.0,30,14.727487422398573,12.9,25.8,43.3,0,0,0,0,1,0,0
T00315,D21,V21,2026-08-06,19:18:00,19:34:00,16,6.23,29.4,44.5,12.974802,77.621288,12.983993,77.660051,2026-08-06 19:18:00,2026-08-06 19:34:00,16.0,16,5.105841988923394,7.84,29.4,44.5,0,0,0,0,0,0,0
T00316,D22,V22,2026-08-03,14:48:00,14:58:00,10,4.6,26.1,37.5,12.984127,77.604746,13.007312,77.580843,2026-08-03 14:48:00,2026-08-03 14:58:00,10.0,10,4.045412408269173,4.3516666666666675,26.110000000000003,37.5,0,0,0,0,0,0,0
T00317,D22,V22,2026-08-05,18:58:00,19:26:00,28,12.59,20.0,27.6,12.97742,77.60826,12.964268,77.701301,2026-08-05 18:58:00,2026-08-05 19:26:00,28.0,28,11.510961450847223,9.315,19.960714285714285,27.6,0,0,0,0,1,0,0
T00318,D22,V22,2026-08-06,18:32:00,19:15:00,43,14.81,17.6,31.3,12.963593,77.618514,12.898829,77.707029,2026-08-06 18:32:00,2026-08-06 19:15:00,43.0,43,13.994385840563698,12.641666666666667,17.63953488372093,31.3,0,0,0,0,0,0,0
T00319,D22,V22,2026-08-05,21:48:00,22:26:00,38,17.88,20.3,30.6,12.98558,77.596183,13.116924,77.609511,2026-08-05 21:48:00,2026-08-05 22:26:00,38.0,38,16.73988971519282,12.886666666666667,20.347368421052632,30.6,0,0,0,0,1,0,0
T00320,D22,V22,2026-07-31,19:03:00,19:48:00,45,15.92,25.0,33.5,12.965233,77.617843,12.849747,77.59055,2026-07-31 19:03:00,2026-07-31 19:48:00,45.0,45,15.13186090415602,18.736666666666668,24.982222222222223,33.5,0,0,0,0,0,0,0
T00321,D22,V22,2026-08-06,14:15:00,14:56:00,41,26.67,28.9,42.8,12.966907,77.610046,12.90448,77.458163,2026-08-06 14:15:00,2026-08-06 14:56:00,41.0,41,24.461815425974628,19.723333333333336,28.863414634146345,42.8,1,1,0,0,1,0,0
T00322,D22,V22,2026-08-03,09:37:00,10:20:00,43,10.42,18.8,27.3,12.971139,77.596907,12.964899,77.524126,2026-08-03 09:37:00,2026-08-03 10:20:00,43.0,43,9.686628756572857,13.501666666666667,18.83953488372093,27.3,0,0,0,0,1,0,0
T00323,D22,V22,2026-08-02,21:31:00,21:46:00,15,8.79,28.1,35.6,12.97722,77.589985,13.010775,77.549937,2026-08-02 21:31:00,2026-08-02 21:46:00,15.0,15,7.261079421194064,7.013333333333334,28.053333333333335,35.6,0,0,0,0,0,0,0
T00324,D22,V22,2026-08-02,06:54:00,07:33:00,39,16.51,17.0,24.2,12.975109,77.601579,13.031546,77.507889,2026-08-02 06:54:00,2026-08-02 07:33:00,39.0,39,15.051775792688314,11.026666666666667,16.964102564102564,24.2,0,0,0,0,1,0,0
T00325,D22,V22,2026-08-06,21:43:00,22:27:00,44,20.74,24.0,33.8,12.974436,77.614072,13.11455,77.62041,2026-08-06 21:43:00,2026-08-06 22:27:00,44.0,44,19.532117514028492,17.60666666666667,24.00909090909091,33.8,0,0,0,0,1,0,0
T00326,D22,V22,2026-08-03,16:59:00,17:15:00,16,5.74,28.0,39.4,12.960843,77.594126,12.920578,77.59879,2026-08-03 16:59:00,2026-08-03 17:15:00,16.0,16,5.061992151947761,7.458333333333333,27.96875,39.4,0,0,0,0,0,0,0
T00327,D22,V22,2026-08-01,10:11:00,10:47:00,36,20.38,23.0,32.4,12.962418,77.619008,12.830851,77.69524,2026-08-01 10:11:00,2026-08-01 10:47:00,36.0,36,19.085527480601677,13.806666666666667,23.01111111111111,32.4,0,0,0,0,1,0,0
T00328,D22,V22,2026-08-06,06:09:00,06:22:00,13,6.7,24.3,32.2,12.969332,77.612381,12.995361,77.63457,2026-08-06 06:09:00,2026-08-06 06:22:00,13.0,13,5.145438421679387,5.2716666666666665,24.33076923076923,32.2,0,0,0,1,0,0,0
T00329,D22,V22,2026-08-04,19:48:00,20:23:00,35,18.3,25.8,36.7,12.971685,77.597302,12.827202,77.594683,2026-08-04 19:48:00,2026-08-04 20:23:00,35.0,35,17.44888767188553,15.066666666666666,25.82857142857143,36.7,0,0,0,0,1,0,0
T00330,D22,V22,2026-08-06,14:25:00,14:37:00,12,4.14,15.0,26.4,12.978786,77.603684,12.998663,77.582109,2026-08-06 14:25:00,2026-08-06 14:37:00,12.0,12,3.4789076198448288,2.99,14.950000000000001,26.4,1,1,0,0,0,0,0
T00331,D23,V23,2026-08-02,19:30:00,20:15:00,45,22.43,25.8,69.8,13.015884,77.547277,12.950426,77.680497,2026-08-02 19:30:00,2026-08-02 20:15:00,45.0,45,20.053882054884703,19.35,25.8,69.8,0,0,0,0,1,0,1
T00332,D23,V23,2026-08-04,19:01:00,19:11:00,10,6.07,31.5,52.8,13.034979,77.557345,13.05558,77.582521,2026-08-04 19:01:00,2026-08-04 19:11:00,10.0,10,4.398990739108644,5.255,31.53,52.8,0,0,0,1,0,0,0
T00333,D23,V23,2026-08-03,14:52:00,15:20:00,28,12.93,34.7,55.8,13.030805,77.559867,13.125941,77.542895,2026-08-03 14:52:00,2026-08-03 15:20:00,28.0,28,11.863651113983597,16.176666666666666,34.66428571428572,55.8,0,0,0,0,1,0,1
T00334,D23,V23,2026-08-06,15:43:00,15:57:00,14,9.14,29.9,70.2,13.022381,77.554559,12.985406,77.507842,2026-08-06 15:43:00,2026-08-06 15:57:00,14.0,14,7.565041057225278,6.98,29.914285714285715,70.2,0,0,0,0,0,0,1
T00335,D23,V23,2026-08-06,13:07:00,13:47:00,40,7.55,21.2,69.8,13.020855,77.545885,12.983569,77.511003,2026-08-06 13:07:00,2026-08-06 13:47:00,40.0,40,6.995560940116226,14.148333333333333,21.2225,69.8,0,0,0,0,1,0,1
T00336,D23,V23,2026-07-31,11:46:00,12:22:00,36,11.27,22.6,54.5,13.028078,77.5587,13.076614,77.603281,2026-07-31 11:46:00,2026-07-31 12:22:00,36.0,36,10.310154800643105,13.555,22.591666666666665,54.5,0,0,0,0,0,0,1
T00337,D23,V23,2026-08-01,10:13:00,10:49:00,36,15.19,26.6,59.8,13.037521,77.557422,13.134838,77.581824,2026-08-01 10:13:00,2026-08-01 10:49:00,36.0,36,13.835050418674266,15.931666666666667,26.552777777777777,59.8,0,0,0,0,0,0,1
T00338,D23,V23,2026-08-05,21:08:00,21:52:00,44,27.07,24.7,62.8,13.026246,77.561866,13.177602,77.489377,2026-08-05 21:08:00,2026-08-05 21:52:00,44.0,44,24.001214132805558,18.123333333333335,24.713636363636365,62.8,0,0,0,1,1,0,1
T00339,D23,V23,2026-08-06,08:44:00,09:28:00,44,19.97,20.4,58.4,13.026728,77.568501,13.154852,77.552079,2026-08-06 08:44:00,2026-08-06 09:28:00,44.0,44,18.640515423313236,14.935,20.365909090909092,58.4,0,0,0,0,1,0,1
T00340,D23,V23,2026-08-01,14:27:00,15:07:00,40,12.15,20.3,59.8,13.040105,77.546348,13.122086,77.546493,2026-08-01 14:27:00,2026-08-01 15:07:00,40.0,40,10.531252484551285,13.536666666666667,20.305,59.8,0,0,0,0,0,0,0
T00341,D23,V23,2026-07-31,06:20:00,06:47:00,27,12.13,21.0,44.7,13.022323,77.549111,13.098471,77.530554,2026-07-31 06:20:00,2026-07-31 06:47:00,27.0,27,10.805669349698332,9.455,21.01111111111111,44.7,0,0,0,0,0,0,0
T00342,D23,V23,2026-08-04,17:03:00,17:26:00,23,12.35,29.3,50.2,13.043786,77.559339,13.025017,77.651056,2026-08-04 17:03:00,2026-08-04 17:26:00,23.0,23,11.099700928407003,11.225,29.282608695652176,50.2,0,0,0,0,0,0,0
T00343,D23,V23,2026-08-04,15:20:00,15:45:00,25,11.03,20.8,56.8,13.023648,77.549376,12.957388,77.52273,2026-08-04 15:20:00,2026-08-04 15:45:00,25.0,25,9.693268812527183,8.673333333333334,20.816,56.8,0,0,0,0,0,0,1
T00344,D23,V23,2026-07-31,14:57:00,15:07:00,10,6.11,18.0,39.6,13.025918,77.544867,13.051634,77.506415,2026-07-31 14:57:00,2026-07-31 15:07:00,10.0,10,5.24096532479367,3.0050000000000003,18.03,39.6,0,0,0,0,1,0,0
T00345,D23,V23,2026-08-04,07:46:00,08:21:00,35,12.4,24.0,60.7,13.021217,77.559727,12.993677,77.642888,2026-08-04 07:46:00,2026-08-04 08:21:00,35.0,35,11.770427773134037,13.991666666666667,23.985714285714284,60.7,0,0,0,0,0,0,0
T00346,D24,V24,2026-08-04,17:44:00,18:06:00,22,15.36,19.5,62.5,12.930932,77.67206,12.881507,77.608241,2026-08-04 17:44:00,2026-08-04 18:06:00,22.0,22,12.907027161260077,7.15,19.5,62.5,1,1,0,0,1,0,0
T00347,D24,V24,2026-08-04,11:51:00,12:29:00,38,15.03,26.5,67.0,12.911989,77.666608,12.818822,77.664938,2026-08-04 11:51:00,2026-08-04 12:29:00,38.0,38,13.367532898393726,16.783333333333335,26.5,67.0,0,0,0,0,0,0,1
T00348,D24,V24,2026-08-01,21:11:00,21:33:00,22,14.27,22.8,47.1,12.920383,77.665836,12.833872,77.642577,2026-08-01 21:11:00,2026-08-01 21:33:00,22.0,22,12.241786068285375,8.368333333333334,22.822727272727274,47.1,0,0,0,0,1,0,0
T00349,D24,V24,2026-08-04,14:31:00,15:00:00,29,16.9,28.9,56.2,12.921056,77.663815,12.979593,77.567707,2026-08-04 14:31:00,2026-08-04 15:00:00,29.0,29,14.805155582219944,13.986666666666668,28.93793103448276,56.2,0,0,0,0,0,0,0
T00350,D24,V24,2026-08-06,21:53:00,22:35:00,42,21.2,27.6,68.5,12.929389,77.666351,12.982027,77.810935,2026-08-06 21:53:00,2026-08-06 22:35:00,42.0,42,20.052803488957423,19.355,27.65,68.5,0,0,0,0,0,0,1
T00351,D24,V24,2026-07-31,18:24:00,19:09:00,45,32.19,24.7,54.2,12.923053,77.666246,12.736149,77.747301,2026-07-31 18:24:00,2026-07-31 19:09:00,45.0,45,28.813674536504816,18.55,24.733333333333334,54.2,0,0,0,1,1,0,0
T00352,D24,V24,2026-08-02,08:54:00,09:17:00,23,9.59,29.1,56.1,12.924285,77.680101,12.923545,77.736495,2026-08-02 08:54:00,2026-08-02 09:17:00,23.0,23,7.798422391675623,11.156666666666666,29.104347826086954,56.1,0,0,0,0,0,0,0
T00353,D24,V24,2026-08-01,17:51:00,18:03:00,12,7.4,28.4,41.2,12.931049,77.677798,12.948665,77.714309,2026-08-01 17:51:00,2026-08-01 18:03:00,12.0,12,6.098083133709942,5.673333333333333,28.366666666666664,41.2,1,1,0,0,0,0,0
T00354,D24,V23,2026-08-01,08:18:00,09:02:00,44,13.82,25.0,45.2,12.926603,77.662051,12.849059,77.724287,2026-08-01 08:18:00,2026-08-01 09:02:00,44.0,44,12.8194647612408,18.346666666666668,25.018181818181816,45.2,0,0,1,0,1,0,0
T00355,D24,V24,2026-07-31,07:23:00,08:05:00,42,7.91,22.1,49.4,12.931847,77.676751,12.920511,77.620547,2026-07-31 07:23:00,2026-07-31 08:05:00,42.0,42,7.574136656196371,15.501666666666667,22.145238095238096,49.4,0,0,0,0,1,0,0
T00356,D24,V24,2026-08-04,17:47:00,18:27:00,40,20.1,28.7,57.7,12.923409,77.662123,12.921912,77.522935,2026-08-04 17:47:00,2026-08-04 18:27:00,40.0,40,18.40286275246168,19.101666666666667,28.652499999999996,57.7,1,1,0,0,0,0,0
T00357,D24,V24,2026-08-02,11:27:00,11:57:00,30,10.5,35.7,69.3,12.918998,77.666755,12.970223,77.619208,2026-08-02 11:27:00,2026-08-02 11:57:00,30.0,30,9.59660074862568,17.83833333333333,35.67666666666666,69.3,0,0,0,0,1,0,1
T00358,D24,V24,2026-08-05,17:59:00,18:25:00,26,12.02,25.5,50.8,12.919011,77.654799,12.869758,77.611518,2026-08-05 17:59:00,2026-08-05 18:25:00,26.0,26,10.753435778630854,11.035,25.465384615384615,50.8,0,0,0,0,0,0,0
T00359,D24,V24,2026-08-01,17:55:00,18:24:00,29,13.09,29.6,57.4,12.920727,77.665507,12.976503,77.650229,2026-08-01 17:55:00,2026-08-01 18:24:00,29.0,29,11.048898535389045,14.303333333333335,29.593103448275862,57.4,1,1,0,0,0,0,0
T00360,D24,V24,2026-08-04,08:58:00,09:14:00,16,4.84,25.5,46.1,12.913267,77.651828,12.892236,77.667795,2026-08-04 08:58:00,2026-08-04 09:14:00,16.0,16,4.100815952463903,6.803333333333333,25.5125,46.1,0,0,0,0,0,0,0
T00361,D25,V25,2026-08-01,18:23:00,18:48:00,25,11.0,24.9,37.2,12.989673,77.545702,12.963365,77.492503,2026-08-01 18:23:00,2026-08-01 18:48:00,25.0,25,9.645186129875547,10.363333333333333,24.872,37.2,0,0,0,0,0,0,0
T00362,D25,V25,2026-08-04,21:11:00,21:22:00,11,5.74,30.3,46.1,12.990056,77.558398,12.989935,77.524507,2026-08-04 21:11:00,2026-08-04 21:22:00,11.0,11,4.643804021451407,5.55,30.272727272727273,46.1,0,0,0,0,0,0,0
T00363,D25,V25,2026-07-31,21:30:00,21:53:00,23,13.81,17.3,39.1,12.977082,77.560364,12.896608,77.534908,2026-07-31 21:30:00,2026-07-31 21:53:00,23.0,23,11.537911307949006,6.65,17.347826086956523,39.1,0,0,0,0,1,0,0
T00364,D25,V25,2026-08-04,15:41:00,16:07:00,26,18.51,19.6,39.9,12.978441,77.54969,12.870649,77.486702,2026-08-04 15:41:00,2026-08-04 16:07:00,26.0,26,17.018357102312013,8.491666666666667,19.596153846153847,39.9,0,0,0,0,1,0,0
T00365,D25,V25,2026-08-01,09:06:00,09:48:00,42,24.82,29.8,51.1,12.988729,77.559283,12.849207,77.496195,2026-08-01 09:06:00,2026-08-01 09:48:00,42.0,42,22.35608862149325,20.873333333333335,29.81904761904762,51.1,0,0,0,0,1,0,0
T00366,D25,V25,2026-08-06,21:06:00,21:38:00,32,9.26,30.7,49.0,13.001606,77.553167,13.047547,77.528928,2026-08-06 21:06:00,2026-08-06 21:38:00,32.0,32,8.242819050210942,16.37333333333333,30.7,49.0,0,0,0,0,1,0,0
T00367,D25,V25,2026-08-04,18:24:00,19:00:00,36,17.45,26.6,45.1,12.987625,77.566549,12.860029,77.555831,2026-08-04 18:24:00,2026-08-04 19:00:00,36.0,36,15.73243237548109,15.958333333333334,26.59722222222222,45.1,0,0,0,0,0,0,0
T00368,D25,V25,2026-07-31,12:03:00,12:46:00,43,23.73,23.0,42.7,13.003583,77.553526,13.112472,77.400268,2026-07-31 12:03:00,2026-07-31 12:46:00,43.0,43,22.777350408567205,16.466666666666665,22.976744186046513,42.7,0,0,0,0,1,0,0
T00369,D25,V25,2026-08-06,16:51:00,17:23:00,32,18.87,16.1,33.1,12.976413,77.564616,12.905075,77.670562,2026-08-06 16:51:00,2026-08-06 17:23:00,32.0,32,17.010899773312953,8.613333333333333,16.15,33.1,0,0,0,0,1,0,0
T00370,D25,V25,2026-08-03,06:38:00,06:51:00,13,7.51,20.2,33.4,12.995819,77.550638,13.028852,77.516026,2026-08-03 06:38:00,2026-08-03 06:51:00,13.0,13,5.933682852429117,4.376666666666666,20.199999999999996,33.4,0,0,0,1,1,0,0
T00371,D25,V25,2026-07-31,13:45:00,14:03:00,18,9.05,27.4,44.1,12.993929,77.560931,13.007158,77.620114,2026-07-31 13:45:00,2026-07-31 14:03:00,18.0,18,7.560524616487734,8.228333333333333,27.427777777777777,44.1,0,0,0,0,0,0,0
T00372,D25,V25,2026-08-03,19:48:00,20:33:00,45,13.56,27.2,46.1,12.993917,77.55458,13.083577,77.561307,2026-08-03 19:48:00,2026-08-03 20:33:00,45.0,45,12.659693678639302,20.423333333333336,27.23111111111111,46.1,0,0,0,0,1,0,0
T00373,D25,V25,2026-08-03,18:45:00,19:06:00,21,10.0,16.0,38.2,13.00084,77.541027,12.990516,77.471848,2026-08-03 18:45:00,2026-08-03 19:06:00,21.0,21,8.684398576310324,5.6066666666666665,16.01904761904762,38.2,0,0,0,0,1,0,0
T00374,D25,V25,2026-08-04,08:08:00,08:49:00,41,12.55,24.4,43.0,12.98886,77.5471,12.991406,77.457206,2026-08-04 08:08:00,2026-08-04 08:49:00,41.0,41,11.199112844216808,16.705,24.446341463414633,43.0,0,0,0,0,1,0,0
T00375,D25,V25,2026-08-01,12:21:00,12:52:00,31,10.74,14.4,31.8,12.983568,77.558855,12.969758,77.634892,2026-08-01 12:21:00,2026-08-01 12:52:00,31.0,31,9.522887707016277,7.416666666666667,14.35483870967742,31.8,0,0,0,0,1,0,0
T00376,D26,V26,2026-08-02,10:28:00,10:47:00,19,11.35,31.1,42.3,12.777659,77.7621,12.72845,77.714377,2026-08-02 10:28:00,2026-08-02 10:47:00,19.0,19,9.923096883822637,9.856666666666666,31.126315789473683,42.3,0,0,0,0,0,0,0
T00377,D26,V26,2026-08-04,16:10:00,16:48:00,38,15.33,18.4,25.6,12.760433,77.773013,12.679234,77.750579,2026-08-04 16:10:00,2026-08-04 16:48:00,38.0,38,13.849208612950616,11.65,18.394736842105264,25.6,0,0,0,0,1,0,0
T00378,D26,V21,2026-08-01,08:41:00,09:10:00,29,20.4,31.1,41.0,12.778979,77.77035,12.881481,77.747137,2026-08-01 08:41:00,2026-08-01 09:10:00,29.0,29,18.57784969145079,15.011666666666667,31.058620689655175,41.0,0,0,1,0,1,0,0
T00379,D26,V26,2026-08-06,12:15:00,12:32:00,17,9.24,30.0,39.5,12.776966,77.774091,12.77563,77.715159,2026-08-06 12:15:00,2026-08-06 12:32:00,17.0,17,8.290503096524564,8.511666666666667,30.041176470588233,39.5,0,0,0,0,0,0,0
T00380,D26,V26,2026-07-31,18:03:00,18:37:00,34,19.69,33.9,43.3,12.782716,77.772285,12.916604,77.788346,2026-07-31 18:03:00,2026-07-31 18:37:00,34.0,34,17.63465153175487,19.228333333333335,33.932352941176475,43.3,0,0,0,0,0,0,0
T00381,D26,V03,2026-08-02,11:47:00,12:13:00,26,13.07,19.4,30.1,12.774933,77.772199,12.729531,77.705606,2026-08-02 11:47:00,2026-08-02 12:13:00,26.0,26,11.983618904631905,8.406666666666666,19.4,30.1,0,0,1,0,1,0,0
T00382,D26,V26,2026-08-06,15:12:00,15:38:00,26,10.95,24.9,39.1,12.781946,77.781444,12.843299,77.736152,2026-08-06 15:12:00,2026-08-06 15:38:00,26.0,26,10.025717550903867,10.776666666666667,24.86923076923077,39.1,0,0,0,0,0,0,0
T00383,D26,V26,2026-08-05,11:47:00,12:32:00,45,16.44,18.1,28.7,12.770661,77.771486,12.691328,77.841056,2026-08-05 11:47:00,2026-08-05 12:32:00,45.0,45,15.322839116833704,13.543333333333333,18.05777777777778,28.7,0,0,0,0,0,0,0
T00384,D26,V26,2026-08-04,17:17:00,17:27:00,10,4.47,21.4,24.0,12.784075,77.772941,12.798383,77.797385,2026-08-04 17:17:00,2026-08-04 17:27:00,10.0,10,3.704532999485673,3.5716666666666668,21.43,24.0,0,0,0,0,0,0,0
T00385,D26,V26,2026-08-02,16:54:00,17:24:00,30,18.3,20.8,34.1,12.773687,77.767009,12.667697,77.710653,2026-08-02 16:54:00,2026-08-02 17:24:00,30.0,30,16.65064864025616,10.385,20.77,34.1,0,0,0,0,1,0,0
T00386,D26,V26,2026-07-31,16:24:00,17:06:00,42,21.24,18.9,31.1,12.786672,77.778536,12.886646,77.742276,2026-07-31 16:24:00,2026-07-31 17:06:00,42.0,42,19.911018941048738,13.2,18.857142857142858,31.1,0,0,0,0,1,0,0
T00387,D26,V26,2026-08-04,18:35:00,18:53:00,18,7.1,28.1,38.5,12.77989,77.76751,12.740828,77.735664,2026-08-04 18:35:00,2026-08-04 18:53:00,18.0,18,6.383408903175426,8.426666666666668,28.08888888888889,38.5,0,0,0,0,0,0,0
T00388,D26,V26,2026-08-05,18:59:00,19:31:00,32,18.94,23.6,35.4,12.76466,77.772185,12.700961,77.880427,2026-08-05 18:59:00,2026-08-05 19:31:00,32.0,32,17.494421310058122,12.59,23.60625,35.4,0,0,0,0,1,0,0
T00389,D26,V26,2026-08-03,19:49:00,20:03:00,14,6.6,25.6,35.2,12.774417,77.769532,12.75242,77.800973,2026-08-03 19:49:00,2026-08-03 20:03:00,14.0,14,5.669283883959354,5.9816666666666665,25.635714285714283,35.2,0,0,0,0,0,0,0
T00390,D26,V26,2026-08-06,13:16:00,13:55:00,39,16.56,27.2,36.9,12.77486,77.770635,12.848114,77.688829,2026-08-06 13:16:00,2026-08-06 13:55:00,39.0,39,15.41735859031933,17.711666666666666,27.24871794871795,36.9,0,0,0,0,0,0,0
T00391,D27,V27,2026-08-02,20:43:00,21:06:00,23,12.3,23.9,47.3,12.980737,77.551269,12.933109,77.489217,2026-08-02 20:43:00,2026-08-02 21:06:00,23.0,23,9.86260381370296,9.156666666666666,23.88695652173913,47.3,0,0,0,0,1,0,0
T00392,D27,V27,2026-08-03,07:28:00,07:41:00,13,9.89,27.4,43.3,12.982431,77.563874,12.95479,77.612011,2026-08-03 07:28:00,2026-08-03 07:41:00,13.0,13,8.053508725451579,5.928333333333333,27.361538461538462,43.3,0,0,0,0,1,0,0
T00393,D27,V27,2026-08-05,14:28:00,15:13:00,45,18.97,22.1,33.8,12.995142,77.552592,12.967304,77.403967,2026-08-05 14:28:00,2026-08-05 15:13:00,45.0,45,18.099352636141884,16.54,22.053333333333335,33.8,0,0,0,0,0,0,0
T00394,D27,V27,2026-08-03,11:22:00,11:57:00,35,21.17,27.5,39.1,12.982249,77.565006,12.853452,77.655554,2026-08-03 11:22:00,2026-08-03 11:57:00,35.0,35,19.57635013628051,16.053333333333335,27.52,39.1,0,0,0,0,1,0,0
T00395,D27,V27,2026-08-03,08:44:00,09:02:00,18,9.8,20.5,42.3,12.980722,77.551746,12.943438,77.500629,2026-08-03 08:44:00,2026-08-03 09:02:00,18.0,18,7.972122425722117,6.158333333333333,20.52777777777778,42.3,0,0,0,0,1,0,0
T00396,D27,V27,2026-08-01,14:57:00,15:16:00,19,7.9,17.6,32.0,12.99308,77.553828,13.030827,77.586898,2026-08-01 14:57:00,2026-08-01 15:16:00,19.0,19,7.03788390414324,5.5616666666666665,17.563157894736843,32.0,0,0,0,0,0,0,0
T00397,D27,V27,2026-08-05,08:12:00,08:26:00,14,8.74,18.8,30.2,12.99154,77.551016,12.946519,77.563313,2026-08-05 08:12:00,2026-08-05 08:26:00,14.0,14,7.359271915625153,4.376666666666667,18.75714285714286,30.2,0,0,0,0,1,0,0
T00398,D27,V27,2026-08-06,08:49:00,09:25:00,36,14.8,29.8,51.3,12.981469,77.559878,12.971626,77.663689,2026-08-06 08:49:00,2026-08-06 09:25:00,36.0,36,13.268822066913472,17.881666666666668,29.80277777777778,51.3,0,0,0,0,1,0,1
T00399,D27,V27,2026-07-31,21:06:00,21:17:00,11,6.0,24.8,45.7,12.998334,77.549993,13.035519,77.55661,2026-07-31 21:06:00,2026-07-31 21:17:00,11.0,11,5.08654692154357,4.546666666666667,24.8,45.7,0,0,0,0,0,0,0
T00400,D27,V27,2026-07-31,09:23:00,09:38:00,15,7.65,24.5,37.0,12.987086,77.549844,12.939137,77.538122,2026-07-31 09:23:00,2026-07-31 09:38:00,15.0,15,6.814529438532252,6.116666666666666,24.466666666666665,37.0,0,0,0,0,0,0,0
T00401,D27,V27,2026-08-06,12:04:00,12:34:00,30,12.18,21.7,42.7,12.989715,77.558606,13.022554,77.631056,2026-08-06 12:04:00,2026-08-06 12:34:00,30.0,30,10.758088588524176,10.873333333333333,21.746666666666666,42.7,0,0,0,0,0,0,0
T00402,D27,V27,2026-08-01,11:17:00,11:46:00,29,12.4,21.0,40.1,12.994155,77.557576,13.06395,77.603301,2026-08-01 11:17:00,2026-08-01 11:46:00,29.0,29,11.176309974057673,10.146666666666667,20.99310344827586,40.1,0,0,0,0,0,0,0
T00403,D27,V27,2026-07-31,13:01:00,13:34:00,33,11.2,22.5,40.0,12.988264,77.559582,12.915778,77.545975,2026-07-31 13:01:00,2026-07-31 13:34:00,33.0,33,9.702974820233651,12.393333333333334,22.533333333333335,40.0,0,0,0,0,0,0,0
T00404,D27,V27,2026-08-05,12:31:00,13:00:00,29,8.97,19.6,35.0,12.994775,77.55801,12.932957,77.567112,2026-08-05 12:31:00,2026-08-05 13:00:00,29.0,29,8.002036133271284,9.488333333333333,19.63103448275862,35.0,0,0,0,0,0,0,0
T00405,D27,V27,2026-08-06,19:24:00,19:40:00,16,7.91,22.7,38.3,12.99966,77.552648,13.030063,77.522317,2026-08-06 19:24:00,2026-08-06 19:40:00,16.0,16,6.997325376772095,6.053333333333333,22.7,38.3,0,0,0,0,0,0,0
T00406,D28,V28,2026-08-05,10:11:00,10:22:00,11,8.66,16.7,25.6,12.962075,77.617602,12.908366,77.621275,2026-08-05 10:11:00,2026-08-05 10:22:00,11.0,11,6.518108474184741,3.0566666666666666,16.672727272727272,25.6,0,0,0,1,1,0,0
T00407,D28,V28,2026-08-01,12:58:00,13:16:00,18,8.96,17.1,25.1,12.991196,77.599749,13.049802,77.573813,2026-08-01 12:58:00,2026-08-01 13:16:00,18.0,18,7.6837768412581715,5.136666666666667,17.12222222222222,25.1,1,1,0,0,1,0,0
T00408,D28,V28,2026-08-04,14:21:00,14:38:00,17,10.35,27.3,36.0,12.9867,77.609964,13.054451,77.589084,2026-08-04 14:21:00,2026-08-04 14:38:00,17.0,17,9.386712277505755,7.735,27.3,36.0,1,1,0,0,0,0,0
T00409,D28,V28,2026-08-04,16:33:00,17:04:00,31,12.2,23.2,34.8,12.962912,77.602591,12.957551,77.688376,2026-08-04 16:33:00,2026-08-04 17:04:00,31.0,31,10.92126345072864,12.001666666666667,23.229032258064517,34.8,0,0,0,0,0,0,0
T00410,D28,V28,2026-08-05,18:26:00,18:53:00,27,11.1,25.1,32.7,12.987028,77.616107,13.047472,77.599112,2026-08-05 18:26:00,2026-08-05 18:53:00,27.0,27,9.88119963596836,11.273333333333333,25.05185185185185,32.7,0,0,0,0,0,0,0
T00411,D28,V28,2026-07-31,09:43:00,10:16:00,33,24.8,17.3,25.7,12.991493,77.603902,13.019429,77.748752,2026-07-31 09:43:00,2026-07-31 10:16:00,33.0,33,21.523059277227382,9.504999999999999,17.28181818181818,25.7,0,0,0,1,1,0,0
T00412,D28,V28,2026-08-06,06:28:00,06:50:00,22,13.24,16.7,26.2,12.975031,77.58936,12.965462,77.503988,2026-08-06 06:28:00,2026-08-06 06:50:00,22.0,22,11.290599792801897,6.131666666666666,16.722727272727273,26.2,0,0,0,0,1,0,0
T00413,D28,V28,2026-08-04,14:54:00,15:25:00,31,19.8,25.7,42.1,12.979107,77.603094,12.919336,77.711629,2026-08-04 14:54:00,2026-08-04 15:25:00,31.0,31,17.5495463542599,13.28,25.703225806451613,42.1,0,0,0,0,1,0,0
T00414,D28,V28,2026-08-02,16:03:00,16:27:00,24,11.09,18.0,27.7,12.97339,77.605074,12.887715,77.602021,2026-08-02 16:03:00,2026-08-02 16:27:00,24.0,24,9.981616357299592,7.21,18.025000000000002,27.7,0,0,0,0,1,0,0
T00415,D28,V28,2026-08-03,21:38:00,22:19:00,41,14.43,26.9,39.6,12.971511,77.595552,12.926341,77.496338,2026-08-03 21:38:00,2026-08-03 22:19:00,41.0,41,13.462836634786658,18.365000000000002,26.875609756097564,39.6,0,0,0,0,1,0,0
T00416,D28,V28,2026-08-03,11:59:00,12:38:00,39,19.51,19.6,27.1,12.979658,77.592662,13.112242,77.549621,2026-08-03 11:59:00,2026-08-03 12:38:00,39.0,39,18.247591037461884,12.71,19.553846153846155,27.1,0,0,0,0,1,0,0
T00417,D28,V28,2026-08-04,07:30:00,07:57:00,27,15.05,20.7,28.2,12.97509,77.614379,12.904937,77.67373,2026-08-04 07:30:00,2026-08-04 07:57:00,27.0,27,13.027275986960651,9.33,20.73333333333333,28.2,0,0,0,0,1,0,0
T00418,D28,V28,2026-08-01,13:05:00,13:31:00,26,16.94,31.9,40.6,12.981186,77.596788,13.057902,77.51409,2026-08-01 13:05:00,2026-08-01 13:31:00,26.0,26,14.867594124668912,13.818333333333333,31.888461538461538,40.6,1,1,0,0,1,0,0
T00419,D28,V28,2026-08-02,21:20:00,21:41:00,21,10.49,21.0,28.1,12.980933,77.593884,13.017581,77.538147,2026-08-02 21:20:00,2026-08-02 21:41:00,21.0,21,9.09531005056013,7.336666666666667,20.961904761904762,28.1,0,0,0,0,1,0,0
T00420,D28,V28,2026-08-04,14:13:00,14:45:00,32,15.13,22.1,31.8,12.97248,77.610726,12.872427,77.659121,2026-08-04 14:13:00,2026-08-04 14:45:00,32.0,32,13.966279889143985,11.791666666666666,22.109375,31.8,1,1,0,0,1,0,0
T00421,D29,V29,2026-08-03,17:45:00,18:18:00,33,21.52,26.1,47.0,12.775412,77.767446,12.721876,77.649649,2026-08-03 17:45:00,2026-08-03 18:18:00,33.0,33,19.717289123415476,14.333333333333334,26.060606060606062,47.0,0,0,0,0,1,0,0
T00422,D29,V29,2026-07-31,15:14:00,15:36:00,22,16.01,28.7,42.0,12.774861,77.7715,12.842538,77.734672,2026-07-31 15:14:00,2026-07-31 15:36:00,22.0,22,13.679156611169853,10.53,28.718181818181815,42.0,0,0,0,0,1,0,0
T00423,D29,V29,2026-08-06,16:41:00,17:24:00,43,19.83,31.5,40.8,12.77956,77.785248,12.772916,77.906892,2026-08-06 16:41:00,2026-08-06 17:24:00,43.0,43,18.36381546388786,22.6,31.53488372093023,40.8,1,0,0,0,0,0,0
T00424,D29,V09,2026-08-06,09:03:00,09:30:00,27,16.85,27.2,38.7,12.767802,77.78015,12.727706,77.875253,2026-08-06 09:03:00,2026-08-06 09:30:00,27.0,27,15.97874610725597,12.248333333333333,27.21851851851852,38.7,0,0,1,0,1,0,0
T00425,D29,V29,2026-07-31,12:16:00,13:01:00,45,23.09,32.2,42.8,12.771686,77.785781,12.634253,77.815769,2026-07-31 12:16:00,2026-07-31 13:01:00,45.0,45,21.564361584409895,24.138333333333332,32.184444444444445,42.8,0,0,0,0,0,0,0
T00426,D29,V29,2026-08-03,16:49:00,17:23:00,34,21.91,31.0,44.6,12.775559,77.774023,12.643195,77.829177,2026-08-03 16:49:00,2026-08-03 17:23:00,34.0,34,20.265985918947045,17.59333333333333,31.047058823529408,44.6,0,0,0,0,1,0,0
T00427,D29,V19,2026-08-05,11:11:00,11:47:00,36,18.57,25.2,34.4,12.777463,77.769557,12.788366,77.870261,2026-08-05 11:11:00,2026-08-05 11:47:00,36.0,36,17.490869191738888,15.098333333333333,25.163888888888888,34.4,0,0,1,0,1,0,0
T00428,D29,V28,2026-08-04,11:15:00,11:40:00,25,10.07,29.3,44.9,12.77829,77.760764,12.792203,77.696815,2026-08-04 11:15:00,2026-08-04 11:40:00,25.0,25,9.164450844449465,12.201666666666666,29.284000000000002,44.9,0,0,1,0,0,0,0
T00429,D29,V29,2026-08-04,08:49:00,09:02:00,13,5.45,27.5,34.6,12.766352,77.777454,12.738927,77.776597,2026-08-04 08:49:00,2026-08-04 09:02:00,13.0,13,4.356623199507962,5.961666666666667,27.515384615384615,34.6,0,0,0,1,0,0,0
T00430,D29,V14,2026-08-03,13:42:00,14:02:00,20,8.65,26.4,36.4,12.776644,77.777737,12.731062,77.813721,2026-08-03 13:42:00,2026-08-03 14:02:00,20.0,20,7.543176448776879,8.783333333333333,26.35,36.4,0,0,1,0,0,0,0
T00431,D29,V23,2026-08-05,07:10:00,07:32:00,22,17.16,31.7,40.0,12.783329,77.759288,12.801956,77.661973,2026-08-05 07:10:00,2026-08-05 07:32:00,22.0,22,15.016683802762289,11.616666666666667,31.681818181818183,40.0,0,0,1,0,1,0,0
T00432,D29,V10,2026-08-05,17:53:00,18:09:00,16,11.87,18.4,28.4,12.779255,77.768375,12.826127,77.714302,2026-08-05 17:53:00,2026-08-05 18:09:00,16.0,16,10.609430639001904,4.905,18.39375,28.4,0,0,1,0,1,0,0
T00433,D29,V29,2026-08-03,21:53:00,22:32:00,39,14.96,19.3,30.3,12.774841,77.772384,12.726948,77.691747,2026-08-03 21:53:00,2026-08-03 22:32:00,39.0,39,13.795442087786036,12.521666666666667,19.26410256410256,30.3,0,0,0,0,0,0,0
T00434,D29,V29,2026-08-01,16:11:00,16:37:00,26,11.06,23.6,29.3,12.77066,77.771536,12.742511,77.836356,2026-08-01 16:11:00,2026-08-01 16:37:00,26.0,26,10.212626309136255,10.238333333333333,23.626923076923074,29.3,0,0,0,0,0,0,0
T00435,D29,V02,2026-08-06,16:05:00,16:46:00,41,16.92,17.9,24.3,12.77799,77.778695,12.819301,77.650672,2026-08-06 16:05:00,2026-08-06 16:46:00,41.0,41,16.177547803825686,12.235000000000001,17.90487804878049,24.3,1,0,1,0,1,0,0
T00436,D30,V30,2026-08-01,11:56:00,12:11:00,15,8.08,18.8,27.6,12.922303,77.668572,12.921376,77.714357,2026-08-01 11:56:00,2026-08-01 12:11:00,15.0,15,7.0707049833501765,4.691666666666666,18.766666666666666,27.6,0,0,0,0,1,0,0
T00437,D30,V30,2026-08-02,16:16:00,16:47:00,31,16.49,25.2,58.0,12.921261,77.662979,13.012948,77.659906,2026-08-02 16:16:00,2026-08-02 16:47:00,31.0,31,15.315014296358255,13.028333333333334,25.216129032258067,58.0,0,0,0,0,1,0,0
T00438,D30,V30,2026-08-04,18:08:00,18:51:00,43,27.75,19.5,35.7,12.930259,77.681654,13.0596,77.796441,2026-08-04 18:08:00,2026-08-04 18:51:00,43.0,43,25.486847158716632,13.978333333333333,19.504651162790697,35.7,0,0,0,0,1,0,0
T00439,D30,V30,2026-07-31,17:46:00,18:25:00,39,15.57,24.0,40.0,12.933603,77.666913,12.956256,77.562294,2026-07-31 17:46:00,2026-07-31 18:25:00,39.0,39,14.169622832167077,15.571666666666667,23.95641025641026,40.0,0,0,0,0,0,0,0
T00440,D30,V30,2026-08-05,13:12:00,13:55:00,43,17.79,17.8,35.1,12.957678,77.664906,13.05473,77.615595,2026-08-05 13:12:00,2026-08-05 13:55:00,43.0,43,16.33401952406518,12.76,17.804651162790698,35.1,0,0,0,0,1,0,0
T00441,D30,V30,2026-08-03,07:26:00,08:05:00,39,16.95,14.3,35.1,12.923088,77.665358,12.944053,77.542769,2026-08-03 07:26:00,2026-08-03 08:05:00,39.0,39,15.488492891129223,9.268333333333334,14.25897435897436,35.1,0,0,0,0,1,0,0
T00442,D30,V30,2026-08-05,15:39:00,16:20:00,41,15.1,27.1,41.6,12.920325,77.665661,12.981023,77.586211,2026-08-05 15:39:00,2026-08-05 16:20:00,41.0,41,14.24440521259704,18.545,27.139024390243904,41.6,0,0,0,0,1,0,0
T00443,D30,V30,2026-08-03,09:19:00,09:44:00,25,15.35,27.0,51.3,12.92022,77.659555,12.826158,77.668955,2026-08-03 09:19:00,2026-08-03 09:44:00,25.0,25,13.65646757709886,11.254999999999999,27.011999999999997,51.3,1,1,0,0,1,0,0
T00444,D30,V30,2026-07-31,14:51:00,15:20:00,29,18.85,18.4,40.9,12.928386,77.663628,13.018813,77.615563,2026-07-31 14:51:00,2026-07-31 15:20:00,29.0,29,15.777801577912618,8.896666666666667,18.406896551724138,40.9,0,0,0,1,1,0,0
T00445,D30,V06,2026-07-31,20:03:00,20:48:00,45,24.13,20.8,40.6,12.920808,77.675944,13.063709,77.667318,2026-07-31 20:03:00,2026-07-31 20:48:00,45.0,45,21.89609864516229,15.631666666666666,20.842222222222222,40.6,0,1,1,0,1,0,0
T00446,D30,V30,2026-07-31,13:17:00,13:46:00,29,17.61,28.2,42.0,12.944424,77.661888,12.995643,77.611661,2026-07-31 13:17:00,2026-07-31 13:46:00,29.0,29,14.999314084576973,13.628333333333334,28.196551724137933,42.0,0,0,0,0,1,0,0
T00447,D30,V30,2026-08-05,11:49:00,12:05:00,16,6.7,25.7,47.2,12.918405,77.66857,12.901703,77.63642,2026-08-05 11:49:00,2026-08-05 12:05:00,16.0,16,5.546343238899884,6.858333333333333,25.71875,47.2,0,0,0,0,0,0,0
T00448,D30,V30,2026-08-03,09:07:00,09:32:00,25,9.63,28.8,43.0,12.928082,77.665198,12.937894,77.723659,2026-08-03 09:07:00,2026-08-03 09:32:00,25.0,25,8.256506678418214,12.011666666666667,28.828000000000003,43.0,1,1,0,0,0,0,0
T00449,D30,V30,2026-08-04,12:54:00,13:26:00,32,19.35,18.0,33.6,12.945981,77.661878,13.049111,77.63956,2026-08-04 12:54:00,2026-08-04 13:26:00,32.0,32,16.800138111369666,9.606666666666666,18.0125,33.6,0,0,0,0,1,0,0
T00450,D30,V09,2026-07-31,07:25:00,07:47:00,22,10.57,21.9,42.5,12.922957,77.669683,12.963377,77.729188,2026-07-31 07:25:00,2026-07-31 07:47:00,22.0,22,9.035014869656116,8.046666666666667,21.945454545454545,42.5,0,0,1,0,0,0,0
